FromID,ToID,Relation_type
6622,6623,VEP
6640,6641,VEP
6640,6642,VEP
6640,6643,VEP
6640,6644,VEP
6640,6645,VEP
6651,6652,VEP
6622,6653,VEP
6640,6669,VEP
6670,6671,VEP
6504,6671,VEP
6672,6671,VEP
6673,6671,VEP
6749,6750,VEP
6751,6752,VEP
6753,6752,VEP
6807,6808,VEP
6809,6808,VEP
6810,6808,VEP
6811,6812,VEP
683,6813,VEP
3806,6814,VEP
6815,6816,VEP
6704,6825,VEP
6704,6826,VEP
6848,6849,VEP
6871,6872,VEP
6873,6874,VEP
6875,6876,VEP
1705,7000,VEP
7001,7000,VEP
7025,7026,VEP
7030,7031,VEP
7032,7031,VEP
7030,7033,VEP
7032,7033,VEP
7034,7035,VEP
7036,7035,VEP
7034,7037,VEP
7036,7037,VEP
7038,7039,VEP
7040,7039,VEP
7038,7041,VEP
7040,7041,VEP
369,7042,VEP
6815,7042,VEP
369,7043,VEP
6815,7043,VEP
6670,7044,VEP
7045,7044,VEP
6670,7046,VEP
7045,7046,VEP
4633,7047,VEP
6672,7047,VEP
4633,7048,VEP
6672,7048,VEP
6672,7049,VEP
6672,7050,VEP
7100,7101,VEP
7147,7153,VEP
7175,7176,VEP
6765,7177,VEP
7178,7177,VEP
7179,7177,VEP
7036,7180,VEP
6737,7184,VEP
6622,7219,VEP
6622,7220,VEP
6622,7221,VEP
6622,7222,VEP
7223,7224,VEP
6622,7225,VEP
7226,7227,VEP
6622,7228,VEP
6622,7229,VEP
6765,7230,VEP
7231,7232,VEP
6622,7233,VEP
6622,7234,VEP
7235,7236,VEP
7276,7277,VEP
7278,7279,VEP
6869,7280,VEP
7281,7280,VEP
6869,7282,VEP
6706,7283,VEP
7284,7285,VEP
7286,7287,VEP
1220,7288,VEP
7289,7290,VEP
7010,7291,VEP
7292,7293,VEP
6640,7304,VEP
6622,7305,VEP
6848,7339,VEP
7348,7349,VEP
7350,7351,VEP
6990,7351,VEP
7362,7363,VEP
7364,7363,VEP
7094,7372,VEP
7316,7399,VEP
7414,7415,VEP
7032,7416,VEP
7032,7417,VEP
7419,7420,VEP
7421,7422,VEP
7423,7424,VEP
6640,7433,VEP
6640,7434,VEP
6640,7435,VEP
6640,7436,VEP
6651,7437,VEP
6640,7438,VEP
7439,7440,VEP
6839,7440,VEP
7504,7505,VEP
6598,7514,VEP
7012,7515,VEP
7527,7528,VEP
6622,7534,VEP
6622,7535,VEP
6622,7536,VEP
6622,7537,VEP
6720,7549,VEP
7072,7649,VEP
672,7650,VEP
6867,7650,VEP
6184,7651,VEP
7470,7660,VEP
6706,6705,VEP
7334,7666,VEP
7335,7666,VEP
6640,7668,VEP
6640,7669,VEP
6640,7670,VEP
6640,7671,VEP
6640,7672,VEP
7674,7675,VEP
6640,7684,VEP
6640,7685,VEP
6640,7686,VEP
6640,7687,VEP
6640,7688,VEP
6640,7689,VEP
6640,7690,VEP
6640,7691,VEP
6640,7692,VEP
6640,7693,VEP
6640,7694,VEP
6640,7695,VEP
6640,7696,VEP
6640,7697,VEP
6640,7698,VEP
6640,7699,VEP
6640,7704,VEP
6640,7705,VEP
7454,7724,VEP
6622,7725,VEP
6572,7735,VEP
6622,7736,VEP
6622,7737,VEP
6622,7738,VEP
6622,7739,VEP
6622,7740,VEP
6747,7743,VEP
6622,7769,VEP
7852,7853,VEP
7872,7873,VEP
7323,7873,VEP
6737,7874,VEP
7875,7874,VEP
7635,7874,VEP
2857,7881,VEP
7882,7881,VEP
1515,7889,VEP
3050,7890,VEP
2303,7891,VEP
7055,7933,VEP
7645,7934,VEP
6795,7963,VEP
6590,6591,VEP
7964,7965,VEP
6748,7966,VEP
1377,7967,VEP
6916,7968,VEP
6748,7969,VEP
6676,7972,VEP
6706,7973,VEP
683,7974,VEP
683,7975,VEP
6640,7976,VEP
6950,7977,VEP
7978,7977,VEP
6957,7520,VEP
7941,7979,VEP
6953,7980,VEP
6957,7983,VEP
6640,7984,VEP
6640,7985,VEP
6953,7981,VEP
7956,7988,VEP
6640,7989,VEP
6640,8021,VEP
6640,8022,VEP
6640,8023,VEP
6640,8024,VEP
6640,8025,VEP
6640,8026,VEP
6640,8027,VEP
6640,8028,VEP
6640,8029,VEP
6640,8030,VEP
6640,8031,VEP
6640,8032,VEP
6640,8033,VEP
6640,8034,VEP
6640,8035,VEP
6640,8036,VEP
6640,8037,VEP
6640,8038,VEP
6640,8039,VEP
6640,8040,VEP
6640,8073,VEP
6640,8074,VEP
6640,8075,VEP
6640,8076,VEP
6640,8077,VEP
6640,8078,VEP
6640,8079,VEP
6640,8080,VEP
6640,8081,VEP
6640,8082,VEP
6640,8083,VEP
6640,8084,VEP
6640,8085,VEP
6640,8086,VEP
6640,8087,VEP
6640,8088,VEP
6640,8089,VEP
6640,8090,VEP
6640,8091,VEP
6640,8092,VEP
6640,8093,VEP
6640,8094,VEP
6640,8095,VEP
6640,8096,VEP
6640,8097,VEP
6640,8098,VEP
243,8101,VEP
6823,8104,VEP
6761,8138,VEP
6622,8139,VEP
7457,8140,VEP
6622,8141,VEP
6707,8142,VEP
6622,8143,VEP
6622,8144,VEP
6622,7543,VEP
8145,8146,VEP
6992,8147,VEP
7956,8148,VEP
6950,6951,VEP
7978,6951,VEP
6957,8149,VEP
7941,8150,VEP
6622,8269,VEP
6622,8270,VEP
6640,8294,VEP
8322,6716,VEP
7863,8323,VEP
7461,8324,VEP
6622,8325,VEP
1699,8326,VEP
8327,8328,VEP
6622,8329,VEP
1321,8330,VEP
8331,8332,VEP
7392,8333,VEP
8334,8335,VEP
7392,8336,VEP
7392,8337,VEP
7857,8338,VEP
6622,8339,VEP
8442,8443,VEP
7423,8443,VEP
6622,8444,VEP
6688,8512,VEP
7527,8513,VEP
7645,8519,VEP
7645,8562,VEP
7645,8563,VEP
6706,8564,VEP
7645,8565,VEP
6640,8567,VEP
6640,8568,VEP
6640,8569,VEP
6640,8570,VEP
6640,8571,VEP
6640,8572,VEP
6640,8573,VEP
6640,8574,VEP
6640,8575,VEP
6640,8576,VEP
6640,8577,VEP
6640,8578,VEP
6640,8579,VEP
6640,8580,VEP
6640,8581,VEP
6640,8582,VEP
6640,8583,VEP
6640,8584,VEP
6640,8585,VEP
6640,8586,VEP
6640,8587,VEP
6640,8588,VEP
6640,8589,VEP
6640,8590,VEP
6640,8591,VEP
6640,8592,VEP
6640,8593,VEP
6640,8594,VEP
6640,8595,VEP
6640,8596,VEP
6640,8597,VEP
6640,8598,VEP
6640,8599,VEP
6640,8600,VEP
6640,8601,VEP
6640,8602,VEP
6640,8603,VEP
6640,8604,VEP
6640,8605,VEP
6640,8606,VEP
6640,8607,VEP
6640,8608,VEP
6640,8609,VEP
6640,8610,VEP
6640,8611,VEP
6640,8612,VEP
6640,8613,VEP
6640,8614,VEP
6640,8615,VEP
6640,8616,VEP
6640,8617,VEP
6640,8618,VEP
6640,8619,VEP
6640,8620,VEP
6640,8621,VEP
6640,8622,VEP
6640,8623,VEP
6640,8624,VEP
6640,8625,VEP
6640,8626,VEP
6640,8627,VEP
6640,8628,VEP
6640,8629,VEP
6640,8630,VEP
6640,8631,VEP
6640,8632,VEP
6640,8633,VEP
6640,8634,VEP
6640,8635,VEP
6640,8636,VEP
6640,8637,VEP
6640,8638,VEP
6640,8639,VEP
6640,8640,VEP
6640,8641,VEP
6640,8642,VEP
6640,8643,VEP
6640,8644,VEP
6640,8645,VEP
6640,8646,VEP
6640,8647,VEP
6640,8648,VEP
6640,8649,VEP
6640,8650,VEP
6640,8651,VEP
6640,8652,VEP
6640,8653,VEP
6640,8654,VEP
6640,8655,VEP
6640,8656,VEP
6640,8657,VEP
6640,8658,VEP
6640,8659,VEP
6640,8660,VEP
6640,8661,VEP
6640,8662,VEP
6640,8663,VEP
6640,8664,VEP
6640,8665,VEP
6640,8666,VEP
6640,8667,VEP
6640,8668,VEP
6640,8669,VEP
6640,8670,VEP
6640,8671,VEP
6640,8672,VEP
6640,8673,VEP
6640,8674,VEP
6640,8675,VEP
6640,8676,VEP
6640,8677,VEP
6640,8678,VEP
6640,8679,VEP
6640,8680,VEP
6640,8681,VEP
6640,8682,VEP
6640,8683,VEP
6640,8684,VEP
6640,8685,VEP
6640,8686,VEP
6640,8687,VEP
6640,8688,VEP
6640,8689,VEP
6640,8690,VEP
6640,8691,VEP
6640,8692,VEP
6640,8693,VEP
6640,8694,VEP
6640,8695,VEP
6640,8696,VEP
6640,8697,VEP
6640,8698,VEP
6640,8699,VEP
6640,8700,VEP
6640,8701,VEP
6640,8702,VEP
6640,8703,VEP
6640,8704,VEP
6640,8705,VEP
6640,8706,VEP
6640,8707,VEP
6640,8708,VEP
6640,8709,VEP
6640,8710,VEP
6640,8711,VEP
6640,8712,VEP
6640,8713,VEP
6640,8714,VEP
6640,8715,VEP
6640,8716,VEP
6640,8717,VEP
6640,8718,VEP
6640,8719,VEP
6640,8720,VEP
6640,8721,VEP
6640,8722,VEP
6640,8723,VEP
6640,8724,VEP
6640,8725,VEP
6640,8726,VEP
6640,8727,VEP
6640,8728,VEP
6640,8729,VEP
6640,8730,VEP
6640,8731,VEP
6640,8732,VEP
6640,8733,VEP
6640,8734,VEP
6640,7711,VEP
6640,8735,VEP
6640,8736,VEP
6640,8737,VEP
6640,8738,VEP
6640,8739,VEP
6640,8740,VEP
6640,8741,VEP
6640,8742,VEP
6640,8743,VEP
6640,8744,VEP
6640,8745,VEP
6640,8746,VEP
6640,8747,VEP
6640,8748,VEP
6640,8749,VEP
6640,8750,VEP
6640,8751,VEP
6640,8752,VEP
6640,8753,VEP
6640,8754,VEP
6640,8755,VEP
6640,8756,VEP
6640,8757,VEP
6640,8758,VEP
6640,8759,VEP
6640,8760,VEP
6640,8761,VEP
6640,8762,VEP
6622,8763,VEP
6698,8764,VEP
6698,8765,VEP
6622,8766,VEP
6761,8529,VEP
6640,8989,VEP
6640,7467,VEP
6640,8992,VEP
6984,9009,VEP
6640,9077,VEP
6640,9122,VEP
6640,9123,VEP
6640,9124,VEP
6640,9125,VEP
6640,9126,VEP
6640,9127,VEP
6640,9128,VEP
6640,9129,VEP
6640,9130,VEP
6640,9131,VEP
6640,9132,VEP
6640,9133,VEP
6640,9134,VEP
6640,9135,VEP
6640,9136,VEP
6640,9137,VEP
6640,9138,VEP
6640,9139,VEP
6640,9140,VEP
6640,9141,VEP
6640,9142,VEP
6640,9143,VEP
6640,9144,VEP
6640,9145,VEP
6640,9146,VEP
6640,9147,VEP
6640,9148,VEP
6640,9149,VEP
6640,9150,VEP
6640,9151,VEP
6640,9152,VEP
6640,9153,VEP
6640,9154,VEP
6640,9155,VEP
6640,9156,VEP
6640,9157,VEP
6640,9158,VEP
6640,9159,VEP
6640,9160,VEP
6640,9161,VEP
6640,9162,VEP
6640,9163,VEP
6640,9164,VEP
6640,9165,VEP
6640,9166,VEP
6640,9167,VEP
6640,9168,VEP
6640,9169,VEP
6640,9170,VEP
6640,9171,VEP
6640,9172,VEP
6640,9173,VEP
6640,9174,VEP
6640,9175,VEP
6640,9176,VEP
6640,9177,VEP
6640,9178,VEP
6640,9179,VEP
6640,9180,VEP
6640,9181,VEP
6640,9182,VEP
6640,9183,VEP
6640,9184,VEP
6640,9185,VEP
6640,9186,VEP
6640,9187,VEP
6640,9188,VEP
6640,9189,VEP
6640,9190,VEP
6640,9191,VEP
6640,9192,VEP
6640,9193,VEP
6640,9194,VEP
6640,9195,VEP
6640,9196,VEP
6640,9197,VEP
6640,9198,VEP
6640,9199,VEP
6640,9200,VEP
6640,9201,VEP
6640,9202,VEP
6640,9203,VEP
6640,9204,VEP
6640,9205,VEP
6640,9206,VEP
6640,9207,VEP
6640,9208,VEP
6640,9209,VEP
6640,9210,VEP
6640,9211,VEP
6640,9212,VEP
6640,9213,VEP
6640,9214,VEP
6640,9215,VEP
6640,9216,VEP
6640,9217,VEP
6640,9218,VEP
6640,9219,VEP
6640,9220,VEP
6640,9221,VEP
6640,9222,VEP
6640,9223,VEP
6640,9224,VEP
6640,9225,VEP
6640,9226,VEP
6640,9227,VEP
6640,9228,VEP
6640,9229,VEP
6640,9230,VEP
6640,9231,VEP
6640,9232,VEP
6640,9233,VEP
6640,9234,VEP
6640,9235,VEP
6640,9236,VEP
6640,9237,VEP
6640,9238,VEP
6640,9239,VEP
6640,9240,VEP
6640,9241,VEP
6640,9242,VEP
6640,9243,VEP
6640,9244,VEP
6640,9245,VEP
6640,9246,VEP
6640,9247,VEP
6640,9248,VEP
6640,9249,VEP
6640,9250,VEP
6640,9251,VEP
6640,9252,VEP
6640,9253,VEP
6640,9254,VEP
6640,9255,VEP
6640,9256,VEP
6640,9257,VEP
6640,9258,VEP
6640,9259,VEP
6640,9260,VEP
6640,9261,VEP
6640,9262,VEP
6640,9263,VEP
6640,9264,VEP
6640,9265,VEP
6640,9266,VEP
6640,9267,VEP
6640,9268,VEP
6640,9269,VEP
6640,9270,VEP
6640,9271,VEP
6640,9272,VEP
6640,9273,VEP
6640,9274,VEP
6640,9275,VEP
6640,9276,VEP
6640,9277,VEP
6640,9278,VEP
6640,9279,VEP
6640,9280,VEP
6640,9281,VEP
6640,9282,VEP
6640,9283,VEP
6640,9284,VEP
6640,9285,VEP
6640,9286,VEP
6640,9287,VEP
6640,9288,VEP
6640,9289,VEP
6640,9290,VEP
6640,9291,VEP
6640,9292,VEP
6640,9293,VEP
6640,9294,VEP
6640,9295,VEP
6640,9296,VEP
6640,9297,VEP
6640,9298,VEP
6640,9299,VEP
6640,9300,VEP
6640,9301,VEP
6640,9302,VEP
6640,9314,VEP
6640,9315,VEP
6640,9316,VEP
6640,9317,VEP
6640,9318,VEP
6640,9319,VEP
6640,9320,VEP
6640,9321,VEP
6640,9322,VEP
6640,9323,VEP
6640,9324,VEP
6640,9325,VEP
6640,9326,VEP
6640,9327,VEP
6640,9328,VEP
6640,9329,VEP
6640,9330,VEP
6640,9331,VEP
6640,9332,VEP
6640,9333,VEP
6640,9334,VEP
6640,9335,VEP
6640,9336,VEP
6640,9337,VEP
6640,9338,VEP
6640,9339,VEP
6640,9340,VEP
6640,9341,VEP
6640,9342,VEP
6640,9343,VEP
6640,9344,VEP
6640,9345,VEP
6640,9346,VEP
6640,9347,VEP
6640,9348,VEP
6640,9349,VEP
6640,9350,VEP
6640,9351,VEP
6640,9352,VEP
6640,9353,VEP
6640,9370,VEP
6640,9371,VEP
6640,8875,VEP
6945,6947,VEP
6928,6947,VEP
9448,6947,VEP
6640,9450,VEP
6640,9451,VEP
3112,9449,VEP
6640,9452,VEP
6640,9453,VEP
6640,9456,VEP
6640,9457,VEP
6640,9458,VEP
6670,9490,VEP
6640,9493,VEP
6640,9494,VEP
6640,9495,VEP
6640,9496,VEP
6640,9497,VEP
6640,9498,VEP
6640,9499,VEP
6640,9500,VEP
6640,9501,VEP
6640,9502,VEP
6640,9503,VEP
6640,9504,VEP
6640,9505,VEP
6640,9506,VEP
6640,9507,VEP
6640,9508,VEP
6640,9509,VEP
6640,9510,VEP
6640,9511,VEP
6640,9512,VEP
6640,9513,VEP
6640,9514,VEP
6640,9515,VEP
6640,9516,VEP
6640,9517,VEP
6640,9518,VEP
6640,9519,VEP
6640,9520,VEP
6640,9521,VEP
6640,9522,VEP
6640,9523,VEP
6640,9524,VEP
6640,9525,VEP
6640,9526,VEP
6640,9527,VEP
6640,9528,VEP
6640,9529,VEP
6640,9530,VEP
6640,9531,VEP
6640,9532,VEP
6640,9533,VEP
6640,9534,VEP
6640,9535,VEP
6640,9536,VEP
6640,9537,VEP
6640,9538,VEP
6640,9539,VEP
6640,9540,VEP
6640,9541,VEP
6640,9542,VEP
6640,9543,VEP
6640,9544,VEP
6640,9545,VEP
6640,9546,VEP
6640,9547,VEP
6640,9548,VEP
6640,9549,VEP
6640,9550,VEP
6640,9551,VEP
6640,9552,VEP
6640,9553,VEP
6640,9554,VEP
6640,9555,VEP
6640,9556,VEP
6640,9557,VEP
6640,9558,VEP
6640,9559,VEP
6640,9560,VEP
6640,9561,VEP
6640,9562,VEP
6640,9563,VEP
6640,9564,VEP
6640,9565,VEP
6640,9566,VEP
6640,9567,VEP
6640,9568,VEP
6640,9569,VEP
6640,9570,VEP
6640,9571,VEP
6640,9572,VEP
6640,9573,VEP
6640,9574,VEP
6640,9575,VEP
6640,9576,VEP
6640,9577,VEP
6640,9578,VEP
6640,9579,VEP
6640,9580,VEP
6640,9581,VEP
6640,9582,VEP
6640,9583,VEP
6640,9584,VEP
6640,9585,VEP
6640,9586,VEP
6640,9587,VEP
6640,9588,VEP
6640,9589,VEP
6640,9590,VEP
6640,9591,VEP
6640,9592,VEP
6640,9593,VEP
6640,9594,VEP
6640,9595,VEP
6640,9596,VEP
6640,9597,VEP
6640,9598,VEP
6640,9599,VEP
6640,9600,VEP
6640,9601,VEP
6640,9602,VEP
6968,9617,VEP
9618,9617,VEP
6823,9621,VEP
6640,9622,VEP
6622,9623,VEP
9448,9697,VEP
9448,9699,VEP
6640,6595,VEP
6640,6591,VEP
6640,6634,VEP
9721,9722,VEP
9723,9722,VEP
6622,9724,VEP
8303,9725,VEP
6706,9725,VEP
7764,9727,VEP
7744,9735,VEP
6640,9769,VEP
6640,9770,VEP
6640,9771,VEP
6640,9772,VEP
6640,9773,VEP
6640,9774,VEP
6640,9775,VEP
6640,9776,VEP
6640,9777,VEP
6640,9778,VEP
6640,9779,VEP
6640,9780,VEP
6640,9781,VEP
6640,9782,VEP
6640,9783,VEP
6640,9784,VEP
6640,9785,VEP
6640,9786,VEP
6640,9787,VEP
6640,9788,VEP
6640,9789,VEP
6640,9790,VEP
6640,9791,VEP
6640,9792,VEP
6640,9793,VEP
6640,9794,VEP
6640,9795,VEP
6640,9796,VEP
6640,9797,VEP
6640,9798,VEP
6640,9799,VEP
6640,9800,VEP
6640,9801,VEP
6640,9802,VEP
6640,9803,VEP
6640,9804,VEP
6640,9805,VEP
6640,9806,VEP
6640,9807,VEP
6640,9808,VEP
6640,9809,VEP
6640,9810,VEP
6640,9811,VEP
6640,9812,VEP
6640,9813,VEP
6640,9814,VEP
6640,9815,VEP
6640,9816,VEP
6640,9817,VEP
6640,9818,VEP
6640,9819,VEP
6640,9820,VEP
6640,9821,VEP
6640,9822,VEP
6640,9823,VEP
6640,9824,VEP
6640,9825,VEP
6640,9826,VEP
6640,9827,VEP
6640,9828,VEP
6640,9829,VEP
6640,9830,VEP
6640,9831,VEP
6640,9832,VEP
6640,9833,VEP
6640,9834,VEP
6640,9835,VEP
6640,9836,VEP
6640,9837,VEP
6640,9838,VEP
6640,9839,VEP
6640,9840,VEP
6640,9841,VEP
6640,9842,VEP
6640,9843,VEP
6640,9844,VEP
6640,9845,VEP
6640,9846,VEP
6640,9847,VEP
6640,9848,VEP
6640,9849,VEP
6640,9850,VEP
6640,9851,VEP
6640,9852,VEP
6640,9853,VEP
6640,9854,VEP
6640,9855,VEP
6640,9856,VEP
6640,9857,VEP
6640,9858,VEP
6640,9859,VEP
6640,9860,VEP
7149,9862,VEP
7053,9444,VEP
6823,9863,VEP
6598,9874,VEP
6807,9947,VEP
590,9948,VEP
593,9948,VEP
6887,9949,VEP
1377,9950,VEP
7025,9950,VEP
6916,9951,VEP
9952,9953,VEP
7193,9953,VEP
6852,7548,VEP
683,7548,VEP
6602,9954,VEP
3150,9955,VEP
6640,9956,VEP
6640,9957,VEP
6640,9958,VEP
6640,9959,VEP
4953,9002,VEP
9960,9002,VEP
9961,9962,VEP
7248,9962,VEP
6740,6741,VEP
9963,9964,VEP
6676,9964,VEP
7590,10031,VEP
7589,10031,VEP
10032,10033,VEP
10034,10035,VEP
10036,10035,VEP
6953,10037,VEP
8281,10096,VEP
354,10097,VEP
10098,10099,VEP
10100,10101,VEP
6588,9716,VEP
10102,10103,VEP
7379,10104,VEP
6590,10105,VEP
10106,10107,VEP
6576,8344,VEP
1222,10108,VEP
7379,10109,VEP
6590,9717,VEP
10110,10111,VEP
6588,10112,VEP
6676,10113,VEP
6590,8283,VEP
10114,10115,VEP
6640,10027,VEP
6640,10024,VEP
6640,8776,VEP
6640,6741,VEP
6640,10117,VEP
6640,6660,VEP
6640,10118,VEP
6640,10025,VEP
6640,10026,VEP
6640,10119,VEP
6640,10120,VEP
7360,10154,VEP
6989,10180,VEP
1514,10180,VEP
6696,10180,VEP
6987,10180,VEP
10181,10180,VEP
7394,7951,VEP
10156,7951,VEP
10157,7951,VEP
10158,7951,VEP
7045,7951,VEP
10159,7951,VEP
10160,7951,VEP
8118,7951,VEP
7469,7951,VEP
9927,7951,VEP
6864,7951,VEP
3748,7951,VEP
8250,7951,VEP
6919,7951,VEP
7631,7951,VEP
6892,7951,VEP
6672,7951,VEP
1244,7951,VEP
10161,7951,VEP
6899,7951,VEP
10162,7951,VEP
9308,7951,VEP
6895,7951,VEP
7665,7951,VEP
10163,7951,VEP
10164,7951,VEP
10165,7951,VEP
10166,7951,VEP
10167,7951,VEP
10168,7951,VEP
7662,7951,VEP
6772,7951,VEP
6867,7951,VEP
10169,7951,VEP
10170,7951,VEP
10171,7951,VEP
6866,7951,VEP
10172,7951,VEP
6896,7951,VEP
4709,7951,VEP
6893,7951,VEP
4633,7951,VEP
9986,7951,VEP
6869,7951,VEP
9429,7951,VEP
10173,7951,VEP
10174,7951,VEP
6916,7951,VEP
10175,7951,VEP
10176,7951,VEP
10177,7951,VEP
10178,7951,VEP
10179,7951,VEP
7123,7951,VEP
672,7951,VEP
9098,7951,VEP
9049,7951,VEP
6706,7951,VEP
7281,7951,VEP
6970,7951,VEP
10155,7951,VEP
10182,10183,VEP
6747,10183,VEP
6692,10183,VEP
6748,10183,VEP
7116,10183,VEP
6904,10183,VEP
8940,10184,VEP
3145,10184,VEP
3146,10184,VEP
8938,10184,VEP
10185,10184,VEP
10186,10184,VEP
8952,10184,VEP
8951,10184,VEP
8949,10184,VEP
10187,10184,VEP
8939,10184,VEP
10188,10184,VEP
9115,10184,VEP
10114,10184,VEP
8945,10184,VEP
10189,10184,VEP
10190,10184,VEP
10191,10184,VEP
8497,10184,VEP
10192,10184,VEP
8495,10184,VEP
10193,10194,VEP
10195,10194,VEP
10196,10194,VEP
7268,10194,VEP
10197,10194,VEP
10198,10194,VEP
10199,10194,VEP
10200,10201,VEP
10202,10201,VEP
10203,10201,VEP
10204,10201,VEP
8272,10201,VEP
10205,10201,VEP
10206,10201,VEP
10207,10201,VEP
10208,10201,VEP
8179,10201,VEP
10209,10201,VEP
10210,10201,VEP
8177,10201,VEP
10211,10201,VEP
10186,10201,VEP
10212,10201,VEP
10213,10201,VEP
8495,10201,VEP
10214,10201,VEP
9669,10201,VEP
9086,10201,VEP
7367,10201,VEP
10215,10201,VEP
10216,10201,VEP
10217,10201,VEP
10218,10201,VEP
10191,10201,VEP
8497,10201,VEP
10219,10201,VEP
10220,10201,VEP
10221,10201,VEP
10222,10201,VEP
10223,10201,VEP
10114,10201,VEP
10006,10201,VEP
7645,10224,VEP
10211,10225,VEP
10220,10225,VEP
10226,10225,VEP
10098,10225,VEP
7367,10225,VEP
9883,10225,VEP
10221,10225,VEP
10227,10225,VEP
4953,10260,VEP
4953,10261,VEP
6748,10312,VEP
6640,10332,VEP
6640,9969,VEP
6640,10333,VEP
6640,10334,VEP
6640,10335,VEP
6640,9968,VEP
6640,10336,VEP
6640,10337,VEP
6640,10338,VEP
6640,10339,VEP
6640,10340,VEP
6640,10347,VEP
6640,10348,VEP
6640,10349,VEP
6640,10350,VEP
590,10351,VEP
6640,9967,VEP
6640,10353,VEP
6640,10354,VEP
6640,10355,VEP
6640,10356,VEP
6640,10357,VEP
6640,10358,VEP
6640,10359,VEP
6640,6639,VEP
6640,7298,VEP
6640,6571,VEP
6640,10390,VEP
6640,10391,VEP
10404,10405,VEP
10406,10407,VEP
6984,10408,VEP
10231,10408,VEP
6745,10408,VEP
6622,10408,VEP
10406,10409,VEP
10404,10410,VEP
6622,10418,VEP
6628,10422,VEP
7605,10422,VEP
6672,10427,VEP
10428,10429,VEP
10475,10476,VEP
6622,10490,VEP
7067,10491,VEP
10492,10493,VEP
6622,10494,VEP
6622,10495,VEP
6640,8237,VEP
6640,10496,VEP
6640,7866,VEP
6640,10497,VEP
6640,10498,VEP
6640,10499,VEP
6640,10500,VEP
6640,10501,VEP
6640,10502,VEP
6640,10503,VEP
6640,10504,VEP
6640,10505,VEP
6640,10506,VEP
6640,10510,VEP
6640,7632,VEP
6640,10512,VEP
6640,10513,VEP
6640,10518,VEP
6640,10519,VEP
6640,10520,VEP
6640,10521,VEP
6640,10536,VEP
6640,10537,VEP
6640,10538,VEP
6640,10539,VEP
6640,10540,VEP
6640,10541,VEP
6640,10542,VEP
6640,10543,VEP
6640,10544,VEP
6640,10545,VEP
6640,10546,VEP
6640,10547,VEP
6640,10548,VEP
6640,10549,VEP
6640,10550,VEP
6640,10551,VEP
6640,10552,VEP
6640,10553,VEP
6640,10554,VEP
6640,10555,VEP
6640,10556,VEP
6622,10560,VEP
6640,10561,VEP
6640,10562,VEP
7249,10563,VEP
6622,10564,VEP
6622,10565,VEP
6640,10579,VEP
6640,10580,VEP
6640,10581,VEP
6640,10582,VEP
6640,8418,VEP
6640,10583,VEP
6640,10584,VEP
6640,10585,VEP
6640,10586,VEP
6640,10587,VEP
6640,10588,VEP
6640,10589,VEP
6640,10590,VEP
6640,10591,VEP
6640,10598,VEP
6640,10599,VEP
6640,10600,VEP
6640,10606,VEP
6640,10622,VEP
6640,10623,VEP
6640,10624,VEP
6640,10625,VEP
6640,10626,VEP
6622,10627,VEP
6622,10628,VEP
6622,10629,VEP
10630,10631,VEP
6622,10632,VEP
10633,10634,VEP
6640,10635,VEP
6640,10651,VEP
6640,10652,VEP
6640,10703,VEP
4671,10717,VEP
4671,10718,VEP
6640,10724,VEP
6640,10725,VEP
6640,10699,VEP
6640,10759,VEP
6640,8823,VEP
6640,9719,VEP
6640,10760,VEP
6640,10761,VEP
6640,10516,VEP
6640,10762,VEP
6640,10763,VEP
6640,10785,VEP
6640,10786,VEP
6640,10787,VEP
6640,10800,VEP
6640,10801,VEP
6640,10686,VEP
6640,10802,VEP
6640,10803,VEP
6640,7844,VEP
6640,10804,VEP
6640,10691,VEP
6640,10692,VEP
6640,7815,VEP
6640,10805,VEP
6640,10694,VEP
6640,10773,VEP
6640,10806,VEP
6640,10807,VEP
6640,10808,VEP
6640,10809,VEP
6622,10810,VEP
6640,10811,VEP
6640,10812,VEP
6640,10813,VEP
6640,10814,VEP
6640,10815,VEP
6640,10829,VEP
6640,10830,VEP
6640,10831,VEP
6640,10299,VEP
6640,10832,VEP
6640,10833,VEP
6640,10834,VEP
6640,10733,VEP
6640,10858,VEP
6640,7804,VEP
6640,10859,VEP
6640,8410,VEP
6640,10860,VEP
6640,10861,VEP
6640,10862,VEP
6640,10863,VEP
6640,10864,VEP
6640,10865,VEP
6640,10866,VEP
6640,7345,VEP
6640,10867,VEP
6640,10868,VEP
6640,10869,VEP
6640,10870,VEP
7165,10888,VEP
6998,10889,VEP
6998,10891,VEP
6998,10892,VEP
6998,10894,VEP
6640,10954,VEP
6640,10613,VEP
6640,10955,VEP
6640,10956,VEP
6640,8198,VEP
6640,10957,VEP
6640,10960,VEP
6640,10961,VEP
6640,10962,VEP
6640,10963,VEP
6640,10976,VEP
6640,10977,VEP
6640,10978,VEP
6640,10896,VEP
8017,10998,VEP
8359,10999,VEP
1423,11000,VEP
7802,11001,VEP
7923,11002,VEP
6977,11003,VEP
10281,11004,VEP
7802,11005,VEP
6640,11026,VEP
6640,11190,VEP
354,11201,VEP
7175,11225,VEP
8486,11226,VEP
11227,11226,VEP
6584,11226,VEP
1992,11226,VEP
11228,11226,VEP
11229,11226,VEP
11230,11226,VEP
6848,11231,VEP
7441,11232,VEP
9619,11233,VEP
6640,11351,VEP
6640,11352,VEP
6640,11353,VEP
6640,6808,VEP
6640,11354,VEP
6640,7840,VEP
6640,11358,VEP
6640,11487,VEP
6640,11488,VEP
6640,8245,VEP
6640,11489,VEP
6640,11490,VEP
6640,11491,VEP
6640,11492,VEP
6640,8298,VEP
6640,11493,VEP
6640,9117,VEP
6640,11458,VEP
6640,11459,VEP
6640,11460,VEP
6640,8529,VEP
6640,11494,VEP
6640,11462,VEP
6640,11463,VEP
6640,11495,VEP
6640,11465,VEP
6640,11466,VEP
6640,11467,VEP
6640,6621,VEP
8433,11496,VEP
7053,11496,VEP
6640,10769,VEP
6640,10529,VEP
6640,11497,VEP
6640,11498,VEP
6640,11519,VEP
6640,11112,VEP
6640,11520,VEP
6640,11521,VEP
6640,7422,VEP
6640,11468,VEP
6640,11469,VEP
6640,11577,VEP
7461,11612,VEP
11613,11614,VEP
8508,11615,VEP
7273,11616,VEP
11617,11618,VEP
6640,11630,VEP
6640,11631,VEP
6640,11632,VEP
6640,11633,VEP
6640,10127,VEP
6640,11634,VEP
6640,11635,VEP
6640,11636,VEP
6640,11637,VEP
6640,11667,VEP
6640,11668,VEP
6640,11669,VEP
6640,11670,VEP
6640,11671,VEP
6640,11672,VEP
6640,11673,VEP
6640,11674,VEP
6640,8798,VEP
6640,11541,VEP
6640,11675,VEP
6640,11676,VEP
6640,7140,VEP
6640,11677,VEP
6640,11678,VEP
6640,11679,VEP
6640,11680,VEP
6640,6573,VEP
6640,11681,VEP
6640,11682,VEP
6640,11683,VEP
6640,11684,VEP
6640,11685,VEP
6640,11686,VEP
6640,11687,VEP
6640,11688,VEP
6640,11689,VEP
6640,11690,VEP
6640,11691,VEP
6640,11692,VEP
6640,11693,VEP
6640,11694,VEP
6640,11695,VEP
6640,11696,VEP
6640,11697,VEP
6640,11698,VEP
6640,11699,VEP
6640,11712,VEP
6640,11713,VEP
6640,11714,VEP
6640,11715,VEP
6640,11716,VEP
6640,11717,VEP
6640,11718,VEP
6640,11719,VEP
6640,11720,VEP
6640,11721,VEP
6640,11722,VEP
6640,11723,VEP
6640,11548,VEP
6640,8511,VEP
6640,11735,VEP
6640,11549,VEP
6640,11403,VEP
6640,11540,VEP
6640,11736,VEP
6640,11737,VEP
6640,11738,VEP
6640,11544,VEP
6640,11545,VEP
6640,9367,VEP
6640,11546,VEP
6640,11739,VEP
6640,11787,VEP
6640,11788,VEP
6640,6943,VEP
6640,11789,VEP
6640,11647,VEP
6640,11790,VEP
6640,11791,VEP
6640,11792,VEP
6640,9679,VEP
6640,9685,VEP
6640,11793,VEP
6640,11794,VEP
6640,11795,VEP
6640,11655,VEP
6640,10958,VEP
6640,11796,VEP
6640,11659,VEP
6640,11797,VEP
6640,11798,VEP
6640,11799,VEP
6640,11800,VEP
6640,9694,VEP
6640,11708,VEP
6640,11709,VEP
6640,11804,VEP
6640,11805,VEP
6640,11806,VEP
6640,11807,VEP
6640,11706,VEP
6640,11808,VEP
6640,11626,VEP
10425,11809,VEP
6604,9456,VEP
7323,11810,VEP
7168,11811,VEP
11812,11813,VEP
10110,11813,VEP
8939,11814,VEP
11815,11816,VEP
11817,11818,VEP
6761,11819,VEP
6817,7531,VEP
9687,11820,VEP
7204,11821,VEP
8316,11822,VEP
6707,8530,VEP
8928,11823,VEP
10648,11824,VEP
11825,11826,VEP
6640,11840,VEP
6640,11841,VEP
6640,10688,VEP
6640,8860,VEP
6640,11842,VEP
6640,11843,VEP
6640,11604,VEP
6640,11844,VEP
6640,11845,VEP
11854,11855,VEP
11310,11856,VEP
7095,11857,VEP
11858,11859,VEP
6640,11764,VEP
6640,11834,VEP
6640,11934,VEP
6640,11836,VEP
6640,11935,VEP
6640,11936,VEP
6640,11937,VEP
6640,11980,VEP
6640,12028,VEP
6640,12029,VEP
6640,12030,VEP
6640,12031,VEP
6640,12032,VEP
6640,12033,VEP
6640,12034,VEP
6640,12035,VEP
6640,12036,VEP
6640,12037,VEP
6640,11661,VEP
6640,12038,VEP
6640,12039,VEP
6640,11903,VEP
6640,12040,VEP
6640,12041,VEP
6640,11645,VEP
6640,12042,VEP
6640,12043,VEP
6640,12044,VEP
6640,8107,VEP
6640,12045,VEP
6640,12046,VEP
6640,12047,VEP
6640,12048,VEP
12055,12056,VEP
6670,12057,VEP
12058,12059,VEP
12060,12059,VEP
12061,12062,VEP
8017,12063,VEP
6602,12064,VEP
7429,12065,VEP
12066,12065,VEP
10988,12067,VEP
12068,12057,VEP
12069,12070,VEP
6640,12071,VEP
6640,12072,VEP
6640,12073,VEP
6640,12074,VEP
6640,12075,VEP
6640,12076,VEP
6640,12077,VEP
6640,12078,VEP
6640,12079,VEP
6640,12080,VEP
6640,12081,VEP
6640,12082,VEP
6640,12083,VEP
6640,12084,VEP
6640,12085,VEP
6640,12086,VEP
6640,12087,VEP
6640,12088,VEP
6640,10138,VEP
6640,12089,VEP
6640,12090,VEP
6640,12091,VEP
6640,12092,VEP
6640,12093,VEP
6640,12094,VEP
6640,12095,VEP
6640,12096,VEP
6640,12097,VEP
6640,12098,VEP
6640,12099,VEP
6640,12100,VEP
6640,12101,VEP
6640,12102,VEP
6640,12103,VEP
6640,12104,VEP
6640,12105,VEP
6640,12106,VEP
6640,12107,VEP
6640,12108,VEP
6640,12109,VEP
6640,10142,VEP
6640,12110,VEP
6640,12111,VEP
6640,12112,VEP
6640,12113,VEP
6640,12114,VEP
6640,12115,VEP
6640,7775,VEP
6640,12116,VEP
6640,12121,VEP
6640,12010,VEP
6640,12122,VEP
6640,11997,VEP
6640,11998,VEP
6640,11999,VEP
6640,12123,VEP
6640,12124,VEP
6640,12125,VEP
6640,12132,VEP
6640,12133,VEP
6640,12134,VEP
6640,12135,VEP
6640,12136,VEP
6640,12137,VEP
6640,12138,VEP
6640,12139,VEP
6640,12140,VEP
6640,12141,VEP
6640,12142,VEP
6640,12143,VEP
6640,12144,VEP
6640,12145,VEP
6640,12146,VEP
6640,12147,VEP
6640,12148,VEP
6640,10143,VEP
6640,10144,VEP
6640,12149,VEP
6640,12150,VEP
6640,8380,VEP
6640,12151,VEP
6640,12152,VEP
6640,12153,VEP
6640,12161,VEP
6640,12162,VEP
8792,12163,VEP
6640,12174,VEP
6640,11325,VEP
6640,12175,VEP
6640,12176,VEP
6640,12177,VEP
6640,12178,VEP
6640,12179,VEP
6640,12180,VEP
6640,11234,VEP
6640,12181,VEP
6640,12182,VEP
6640,12183,VEP
6640,12184,VEP
6640,12185,VEP
6640,12186,VEP
6640,12187,VEP
6640,12188,VEP
6640,12189,VEP
6640,12190,VEP
6640,12191,VEP
6640,12192,VEP
6640,12193,VEP
6640,12194,VEP
12247,7393,VEP
683,6851,VEP
8276,12252,VEP
6622,12258,VEP
12201,12265,VEP
6748,12265,VEP
6737,12265,VEP
12201,7754,VEP
6748,7754,VEP
6737,7754,VEP
12201,12266,VEP
6748,12266,VEP
6737,12266,VEP
12201,12267,VEP
6748,12267,VEP
6737,12267,VEP
180,12268,VEP
6720,12276,VEP
6761,12278,VEP
7461,12279,VEP
8186,12283,VEP
6751,12284,VEP
6848,12285,VEP
6622,12286,VEP
1220,12287,VEP
9438,12288,VEP
6622,12289,VEP
7527,12307,VEP
7311,12308,VEP
6622,12310,VEP
7469,12311,VEP
7334,12312,VEP
12313,12312,VEP
6901,12314,VEP
6706,12315,VEP
6622,11857,VEP
6640,12316,VEP
6902,12317,VEP
6737,12317,VEP
6892,7663,VEP
6672,7663,VEP
6504,12318,VEP
7334,12318,VEP
7335,12318,VEP
10177,12319,VEP
243,12320,VEP
6640,12321,VEP
9978,12322,VEP
2353,12322,VEP
12213,12322,VEP
7327,12323,VEP
8939,12334,VEP
6753,12335,VEP
4800,12336,VEP
6852,12337,VEP
6640,12338,VEP
7419,12350,VEP
7878,12360,VEP
6720,12362,VEP
180,12363,VEP
6651,12418,VEP
6153,12419,VEP
6590,9754,VEP
12421,12422,VEP
12432,12433,VEP
12439,12440,VEP
7252,12441,VEP
12442,12443,VEP
12444,12445,VEP
6706,12458,VEP
7641,12459,VEP
7852,12460,VEP
590,12461,VEP
12462,12463,VEP
1562,12464,VEP
8276,12465,VEP
7016,12475,VEP
12476,12475,VEP
1404,12475,VEP
9984,12477,VEP
12478,12477,VEP
7527,12479,VEP
6622,12480,VEP
6821,12482,VEP
6884,12485,VEP
6706,12200,VEP
12504,12505,VEP
6713,6714,VEP
6622,12532,VEP
9747,12533,VEP
6651,12534,VEP
7444,12539,VEP
12553,12554,VEP
12595,12596,VEP
12597,12598,VEP
12599,12600,VEP
7010,12644,VEP
12645,12646,VEP
8908,12646,VEP
6975,12647,VEP
479,12647,VEP
12648,12649,VEP
593,12649,VEP
6598,12650,VEP
7333,12667,VEP
6622,12695,VEP
6622,12696,VEP
3410,12701,VEP
2699,12702,VEP
7441,12703,VEP
6640,12704,VEP
6640,12705,VEP
6640,12706,VEP
6640,12707,VEP
6640,12708,VEP
6640,12709,VEP
6640,12710,VEP
6640,12711,VEP
6640,12712,VEP
6640,12713,VEP
6640,12714,VEP
6640,12715,VEP
6640,12716,VEP
6640,12717,VEP
6640,12718,VEP
6640,12719,VEP
6640,12720,VEP
6957,7345,VEP
7106,7345,VEP
12739,12740,VEP
1226,12741,VEP
12742,12743,VEP
6622,12744,VEP
6848,12745,VEP
6622,12746,VEP
6622,12747,VEP
6622,12748,VEP
7364,12749,VEP
6651,12750,VEP
8238,12763,VEP
12789,12790,VEP
6892,12791,VEP
6672,12791,VEP
9486,12792,VEP
7903,12792,VEP
2293,12792,VEP
7511,12792,VEP
6590,12793,VEP
12794,12795,VEP
7635,12796,VEP
7527,12797,VEP
7404,12798,VEP
7641,12799,VEP
12504,12800,VEP
6761,12801,VEP
7538,12802,VEP
6590,12803,VEP
12804,12805,VEP
7620,12806,VEP
6622,12818,VEP
12819,12820,VEP
6795,12845,VEP
8556,12846,VEP
12847,12848,VEP
12847,12849,VEP
9045,12864,VEP
6622,12865,VEP
6604,12949,VEP
7157,12950,VEP
12581,12995,VEP
8556,12996,VEP
6692,12898,VEP
13024,13025,VEP
7994,13025,VEP
13026,13025,VEP
6640,13032,VEP
13033,13034,VEP
8186,13038,VEP
6640,12215,VEP
12247,12420,VEP
6765,13051,VEP
7134,13087,VEP
13095,13096,VEP
8242,13097,VEP
13098,13099,VEP
8376,13100,VEP
12671,13101,VEP
13102,13103,VEP
10193,13104,VEP
1705,13105,VEP
6622,13108,VEP
6622,13109,VEP
13111,13112,VEP
13113,13114,VEP
13115,13116,VEP
7300,13126,VEP
6761,13127,VEP
13128,13129,VEP
13135,13136,VEP
13137,13138,VEP
13141,13142,VEP
10981,13142,VEP
7364,13149,VEP
6672,13150,VEP
6640,13171,VEP
4953,6593,VEP
13173,13174,VEP
13196,13197,VEP
6672,6770,VEP
7355,13206,VEP
13207,13206,VEP
11978,13206,VEP
7872,13208,VEP
13209,13208,VEP
7323,13208,VEP
12794,13217,VEP
13218,13217,VEP
13219,13217,VEP
12935,13220,VEP
13221,13220,VEP
13222,13220,VEP
13239,9223,VEP
10034,9223,VEP
13240,13241,VEP
13242,13243,VEP
13244,13243,VEP
13245,13246,VEP
13247,13248,VEP
6580,13271,VEP
6586,13272,VEP
6772,7047,VEP
6580,13273,VEP
7504,13295,VEP
13302,13303,VEP
7216,13303,VEP
6848,13304,VEP
6845,13305,VEP
13306,13305,VEP
7134,13307,VEP
6607,13324,VEP
6588,13325,VEP
6737,13377,VEP
7635,13377,VEP
13403,13404,VEP
6622,13405,VEP
6622,13432,VEP
6622,13433,VEP
6745,13441,VEP
6640,13229,VEP
6720,13448,VEP
6598,13461,VEP
13462,13463,VEP
7527,13464,VEP
6622,13465,VEP
6704,7743,VEP
13481,13482,VEP
13483,13482,VEP
6953,13484,VEP
13485,13486,VEP
11009,13486,VEP
13487,13488,VEP
13489,13488,VEP
6640,7294,VEP
6640,13496,VEP
7419,13503,VEP
7441,13506,VEP
6676,13513,VEP
12428,13514,VEP
7237,13515,VEP
8109,13516,VEP
6950,7027,VEP
13517,13518,VEP
7242,13516,VEP
12329,13519,VEP
13520,13521,VEP
13522,13523,VEP
13287,13529,VEP
6640,8069,VEP
6640,13443,VEP
10017,13530,VEP
13532,13533,VEP
6659,13534,VEP
6622,13535,VEP
6622,13536,VEP
6622,13537,VEP
6622,13540,VEP
8201,13547,VEP
6622,13548,VEP
6622,13549,VEP
6622,13550,VEP
13551,13552,VEP
6622,13558,VEP
13560,13561,VEP
7157,13562,VEP
6622,13571,VEP
6622,13575,VEP
13576,13577,VEP
6747,6868,VEP
13595,13596,VEP
13597,13596,VEP
6630,10961,VEP
7100,13598,VEP
6622,13600,VEP
6622,13604,VEP
7010,13605,VEP
6848,13607,VEP
6622,13608,VEP
8186,13609,VEP
7527,13628,VEP
1220,13629,VEP
10988,13630,VEP
8359,13633,VEP
11047,13634,VEP
13635,13636,VEP
12432,13637,VEP
6630,13638,VEP
6622,13640,VEP
6622,13641,VEP
6640,13642,VEP
7276,13656,VEP
6848,13657,VEP
13658,13659,VEP
6968,13660,VEP
6640,13663,VEP
1044,9310,VEP
6586,13666,VEP
7083,12290,VEP
6862,13667,VEP
12213,13667,VEP
8560,12293,VEP
11412,12293,VEP
6651,13668,VEP
13669,12299,VEP
1220,13670,VEP
13671,13670,VEP
6896,6894,VEP
9312,11402,VEP
4100,12291,VEP
6651,13673,VEP
8560,13674,VEP
11412,13674,VEP
13192,13675,VEP
6900,12807,VEP
7369,12807,VEP
12939,13708,VEP
6590,7213,VEP
6889,13718,VEP
13719,13718,VEP
6860,13718,VEP
9978,13718,VEP
9963,13718,VEP
2353,13718,VEP
8359,13746,VEP
1466,13749,VEP
13520,13750,VEP
8560,13751,VEP
8206,13752,VEP
8206,13753,VEP
8206,13754,VEP
7444,7445,VEP
13770,7445,VEP
7078,7445,VEP
7446,7445,VEP
13772,13773,VEP
13774,13775,VEP
9660,13776,VEP
6651,13777,VEP
13789,13790,VEP
7923,13791,VEP
6795,6903,VEP
6737,6903,VEP
6692,13063,VEP
6747,13063,VEP
13812,13813,VEP
6871,13814,VEP
6692,13815,VEP
13820,13821,VEP
6622,13822,VEP
6640,13841,VEP
6676,13870,VEP
6871,13897,VEP
13885,13898,VEP
13902,13903,VEP
5253,13904,VEP
13905,13906,VEP
13907,13908,VEP
7414,13910,VEP
7392,12420,VEP
7010,13927,VEP
9414,13681,VEP
13928,13929,VEP
6827,7391,VEP
12327,7391,VEP
590,7391,VEP
6704,13932,VEP
7284,13933,VEP
6640,13934,VEP
6640,13935,VEP
6640,13936,VEP
6640,10644,VEP
6640,13937,VEP
6640,13938,VEP
13939,13940,VEP
6640,13941,VEP
6640,13942,VEP
8175,14006,VEP
12387,14008,VEP
14009,14008,VEP
14009,14010,VEP
14011,14010,VEP
6640,14054,VEP
6640,14055,VEP
6640,14056,VEP
6602,14057,VEP
6640,14058,VEP
6640,14059,VEP
6640,14062,VEP
8195,14057,VEP
6640,14063,VEP
6640,14064,VEP
6640,14065,VEP
6640,14066,VEP
6640,14067,VEP
6640,14068,VEP
6640,14069,VEP
6622,14076,VEP
6622,14077,VEP
6622,14117,VEP
6622,14118,VEP
6622,14119,VEP
6622,8094,VEP
12568,14140,VEP
10935,6879,VEP
2414,14144,VEP
1226,14145,VEP
13302,14150,VEP
14153,14154,VEP
7147,14155,VEP
6707,14156,VEP
6622,13275,VEP
6640,14274,VEP
6640,7150,VEP
6640,10647,VEP
6640,10893,VEP
6640,8432,VEP
6640,14275,VEP
6640,14276,VEP
6640,14277,VEP
6640,14278,VEP
6640,14279,VEP
6640,14280,VEP
6640,14281,VEP
6640,14282,VEP
6640,14283,VEP
6640,10078,VEP
6640,14294,VEP
6640,14295,VEP
6640,14296,VEP
6640,14297,VEP
6640,14298,VEP
6640,14299,VEP
6640,14300,VEP
6640,14301,VEP
6640,14302,VEP
6640,14303,VEP
6640,14304,VEP
6640,14305,VEP
6640,14306,VEP
6640,14307,VEP
6640,14308,VEP
6640,14309,VEP
6640,14310,VEP
6640,14311,VEP
6640,14312,VEP
6640,14313,VEP
6640,14314,VEP
6640,14315,VEP
6640,14316,VEP
6640,14317,VEP
6640,14318,VEP
6640,14319,VEP
6640,14320,VEP
6640,14321,VEP
6640,14322,VEP
6640,14323,VEP
6640,14324,VEP
6640,14325,VEP
6640,14326,VEP
6640,14327,VEP
6640,6629,VEP
6640,14328,VEP
6640,14329,VEP
6640,14330,VEP
6640,14331,VEP
6640,14345,VEP
6640,14346,VEP
6640,14347,VEP
6640,14348,VEP
6640,14349,VEP
6640,14350,VEP
6640,14351,VEP
6640,14352,VEP
6640,14353,VEP
6640,14354,VEP
6640,14355,VEP
6640,14356,VEP
6640,14357,VEP
6640,14358,VEP
6640,14359,VEP
6640,14360,VEP
6640,14361,VEP
6640,7568,VEP
6640,14362,VEP
6640,7571,VEP
6640,14363,VEP
6640,14364,VEP
6640,14365,VEP
6640,14366,VEP
6640,14367,VEP
6640,14368,VEP
6640,14369,VEP
6640,14370,VEP
6640,14371,VEP
6640,14372,VEP
6640,14373,VEP
6640,14374,VEP
6640,14375,VEP
6640,14376,VEP
6640,10136,VEP
6640,14377,VEP
6640,14378,VEP
6640,14379,VEP
6640,14380,VEP
6640,14381,VEP
6640,14382,VEP
6640,14383,VEP
6640,14398,VEP
6640,14399,VEP
6640,11803,VEP
6640,14400,VEP
6640,14401,VEP
6640,14402,VEP
6640,6597,VEP
6640,14403,VEP
6640,14404,VEP
6640,14405,VEP
6640,14406,VEP
6640,14407,VEP
6640,14408,VEP
6640,14409,VEP
6640,14410,VEP
6640,14411,VEP
6640,14412,VEP
6640,14413,VEP
6640,14414,VEP
6640,14415,VEP
6640,14416,VEP
6640,13094,VEP
6640,14417,VEP
6640,14418,VEP
6640,14419,VEP
6640,14420,VEP
6640,11369,VEP
6640,14421,VEP
6640,14422,VEP
6640,14423,VEP
6640,14424,VEP
6640,14425,VEP
6640,14426,VEP
6640,14427,VEP
6640,14428,VEP
6640,14429,VEP
6640,14430,VEP
6640,14431,VEP
6640,14432,VEP
6640,14433,VEP
6640,14434,VEP
6640,14435,VEP
6640,14436,VEP
6640,14437,VEP
6640,14438,VEP
6640,14439,VEP
6640,14440,VEP
6640,14441,VEP
6640,14442,VEP
6640,14460,VEP
6640,14461,VEP
6640,14462,VEP
6640,14463,VEP
6640,9741,VEP
6640,14471,VEP
6640,14472,VEP
6640,11454,VEP
6640,14473,VEP
6640,14474,VEP
6640,14475,VEP
6640,14476,VEP
6640,14477,VEP
6640,14478,VEP
6640,14479,VEP
6640,14480,VEP
6640,14488,VEP
6640,14489,VEP
6640,14490,VEP
6640,14491,VEP
6640,14492,VEP
6640,11089,VEP
6640,8330,VEP
6640,14493,VEP
6640,14494,VEP
6640,12168,VEP
6640,8207,VEP
6640,14495,VEP
6640,14546,VEP
6640,14547,VEP
6640,14548,VEP
6640,14549,VEP
6640,14550,VEP
6640,14551,VEP
6640,14552,VEP
6640,9620,VEP
6640,14553,VEP
6640,14554,VEP
6640,14555,VEP
6640,14556,VEP
6640,14557,VEP
6640,14558,VEP
6640,14559,VEP
6640,14560,VEP
6640,14561,VEP
6640,14564,VEP
6640,14565,VEP
6640,14566,VEP
6640,14581,VEP
6640,13546,VEP
6640,14582,VEP
6640,14583,VEP
6640,14584,VEP
6640,14585,VEP
6640,14586,VEP
6640,14587,VEP
6640,14588,VEP
6640,14589,VEP
6640,14621,VEP
6640,14269,VEP
6640,14622,VEP
6640,14623,VEP
6640,14624,VEP
6640,14625,VEP
6640,14626,VEP
6640,9105,VEP
6640,14627,VEP
6640,8161,VEP
6640,14628,VEP
6640,14629,VEP
6640,14630,VEP
6640,14631,VEP
6640,14632,VEP
6640,14633,VEP
6640,14663,VEP
6640,14664,VEP
6640,14665,VEP
6640,14666,VEP
6640,14667,VEP
6640,11751,VEP
6640,11357,VEP
6640,14718,VEP
6640,12165,VEP
6640,12166,VEP
6640,12167,VEP
6640,9109,VEP
6640,14719,VEP
6640,8404,VEP
6640,14720,VEP
6640,12199,VEP
6640,9070,VEP
6640,9111,VEP
6640,14729,VEP
6640,14754,VEP
6640,14755,VEP
6640,14756,VEP
6640,14757,VEP
6640,14724,VEP
6640,9069,VEP
6640,14758,VEP
6640,14759,VEP
6640,14726,VEP
6640,14727,VEP
8951,14767,VEP
10199,14767,VEP
14780,14781,VEP
6640,11126,VEP
6640,14782,VEP
6640,14783,VEP
6640,14784,VEP
6640,13679,VEP
6640,8541,VEP
6640,14785,VEP
6640,14786,VEP
6640,14787,VEP
6640,14788,VEP
6640,14789,VEP
6640,14790,VEP
6640,14791,VEP
7364,14804,VEP
6640,14844,VEP
6640,14862,VEP
6640,14866,VEP
6640,14867,VEP
6640,9940,VEP
6640,14868,VEP
6640,14869,VEP
6640,14870,VEP
6640,14871,VEP
6640,9054,VEP
6640,14872,VEP
8411,14874,VEP
6640,14878,VEP
6640,12807,VEP
6640,14898,VEP
6640,14887,VEP
6640,14899,VEP
6640,14900,VEP
6640,9044,VEP
6640,14520,VEP
6640,14889,VEP
6640,14901,VEP
6640,14891,VEP
6640,14902,VEP
6640,14893,VEP
6640,14903,VEP
6640,14895,VEP
6640,14904,VEP
6640,14923,VEP
6640,14924,VEP
6640,14925,VEP
6640,14833,VEP
6640,14926,VEP
6640,14834,VEP
6640,14835,VEP
6640,14927,VEP
6640,14836,VEP
6640,14928,VEP
6640,14838,VEP
6640,14929,VEP
6640,8163,VEP
6640,14930,VEP
6640,14931,VEP
6640,7520,VEP
6640,14932,VEP
6640,14843,VEP
6640,8165,VEP
6640,14933,VEP
6640,14875,VEP
6640,9108,VEP
6640,14934,VEP
6640,11470,VEP
7429,14264,VEP
7348,14486,VEP
7157,14481,VEP
7423,14265,VEP
10220,14483,VEP
7554,14482,VEP
10443,14485,VEP
6640,14958,VEP
6640,14959,VEP
6640,14960,VEP
6640,14961,VEP
6640,14962,VEP
6640,14963,VEP
6640,14980,VEP
6640,14981,VEP
6640,14982,VEP
6640,14983,VEP
6640,14984,VEP
6640,7981,VEP
6640,14985,VEP
6640,14986,VEP
6640,7847,VEP
6640,14989,VEP
6640,14990,VEP
6640,14991,VEP
6640,14992,VEP
6640,14993,VEP
6640,14994,VEP
6640,14995,VEP
6640,14996,VEP
6640,14997,VEP
6640,10722,VEP
6640,7506,VEP
6640,14998,VEP
6640,14999,VEP
6640,15000,VEP
6640,15001,VEP
6640,15002,VEP
6640,15003,VEP
6640,15004,VEP
6640,15005,VEP
6640,15006,VEP
6640,15007,VEP
6640,15008,VEP
6640,15009,VEP
6640,15010,VEP
6640,15011,VEP
6640,15012,VEP
6640,15013,VEP
6640,15014,VEP
6640,15015,VEP
6640,15016,VEP
6640,15017,VEP
6640,15018,VEP
6640,15019,VEP
6640,15020,VEP
6640,15021,VEP
6640,15022,VEP
6640,15023,VEP
6640,15024,VEP
6640,15025,VEP
6640,15026,VEP
6640,15034,VEP
6640,14703,VEP
6640,14293,VEP
6640,14518,VEP
6640,15035,VEP
6640,15036,VEP
6640,15037,VEP
6640,15038,VEP
6640,15039,VEP
6640,15040,VEP
6640,15041,VEP
6640,14523,VEP
6640,14524,VEP
6640,15042,VEP
6640,8351,VEP
6640,14288,VEP
6640,15043,VEP
6640,15044,VEP
6640,15045,VEP
6640,15046,VEP
6640,15047,VEP
6640,15048,VEP
6640,15049,VEP
6640,15050,VEP
6640,15051,VEP
6640,15052,VEP
6640,15053,VEP
6640,15054,VEP
6640,15055,VEP
6640,15069,VEP
6640,15070,VEP
6640,15071,VEP
6640,15072,VEP
6640,15073,VEP
6640,15074,VEP
6640,15075,VEP
6640,15076,VEP
6640,15077,VEP
6640,15078,VEP
6640,15079,VEP
6640,15080,VEP
6640,15081,VEP
6640,15082,VEP
6640,15083,VEP
6640,15084,VEP
6640,15086,VEP
6640,15087,VEP
6640,15100,VEP
6640,15101,VEP
6640,15102,VEP
6640,15103,VEP
6640,8817,VEP
6640,9028,VEP
6640,15113,VEP
6640,15114,VEP
6640,15115,VEP
6640,15116,VEP
6640,15117,VEP
6640,15118,VEP
6640,15119,VEP
6640,15120,VEP
6640,15121,VEP
6640,15122,VEP
6640,15123,VEP
6640,15124,VEP
6640,15125,VEP
6640,15126,VEP
6640,15127,VEP
6640,8890,VEP
6640,15099,VEP
6640,11705,VEP
6640,10854,VEP
6640,15175,VEP
6640,15176,VEP
6640,15177,VEP
6640,15178,VEP
6640,15179,VEP
6640,15180,VEP
6640,15181,VEP
6640,15182,VEP
6640,14578,VEP
6640,7420,VEP
6640,11185,VEP
6640,15183,VEP
6640,10658,VEP
6640,14673,VEP
6640,15217,VEP
6640,15218,VEP
6640,15219,VEP
6640,15220,VEP
6640,15221,VEP
6640,15222,VEP
6640,15251,VEP
6640,15252,VEP
6640,15253,VEP
6640,15254,VEP
6640,15260,VEP
6640,15261,VEP
6640,15262,VEP
6640,15263,VEP
6640,15264,VEP
6640,15265,VEP
6640,15279,VEP
6640,15280,VEP
6640,15281,VEP
6640,15282,VEP
6640,15283,VEP
6640,15284,VEP
6640,15285,VEP
6640,15286,VEP
6640,15287,VEP
6640,15288,VEP
6640,15289,VEP
6640,15290,VEP
6640,15291,VEP
6640,15292,VEP
6640,15293,VEP
6640,15294,VEP
6640,14813,VEP
6640,10232,VEP
6640,15295,VEP
6640,7279,VEP
6640,15305,VEP
6640,15306,VEP
6640,15307,VEP
6640,12991,VEP
6640,15308,VEP
6640,15309,VEP
6640,15310,VEP
6640,15311,VEP
15315,7294,VEP
7149,7294,VEP
6745,15316,VEP
6747,15316,VEP
6630,10937,VEP
7516,15317,VEP
10278,15318,VEP
6758,15319,VEP
3112,14637,VEP
6928,15320,VEP
6754,15321,VEP
13786,6759,VEP
15323,15324,VEP
9448,6948,VEP
15325,6757,VEP
8203,15329,VEP
4927,15329,VEP
7173,15330,VEP
8488,15330,VEP
7572,15331,VEP
7210,15331,VEP
7579,15331,VEP
2418,15331,VEP
7577,15331,VEP
6684,15331,VEP
7574,15331,VEP
7573,15331,VEP
7575,15331,VEP
7570,15331,VEP
7578,15331,VEP
7212,15331,VEP
7580,15331,VEP
7576,15331,VEP
829,15331,VEP
8416,15331,VEP
15332,15331,VEP
15333,15331,VEP
15334,15331,VEP
15335,15331,VEP
15336,15331,VEP
15337,15331,VEP
15338,15331,VEP
15339,15331,VEP
6640,15341,VEP
6640,15342,VEP
6640,15343,VEP
8109,15344,VEP
12428,15344,VEP
7181,15344,VEP
7237,15344,VEP
6952,15344,VEP
7495,15344,VEP
13520,15344,VEP
15345,15344,VEP
10036,15344,VEP
10034,15344,VEP
15346,15344,VEP
15347,15344,VEP
15348,15344,VEP
15349,15344,VEP
13239,15344,VEP
11854,15344,VEP
6950,15344,VEP
8354,15344,VEP
11118,15344,VEP
10729,15344,VEP
8193,15344,VEP
15350,15344,VEP
15351,15344,VEP
15352,15344,VEP
6616,15344,VEP
8020,15344,VEP
6661,15344,VEP
15353,15344,VEP
10110,15344,VEP
11349,15344,VEP
12331,15344,VEP
10924,15344,VEP
10795,15344,VEP
13517,15344,VEP
10849,15344,VEP
10428,15344,VEP
15354,15344,VEP
12329,15344,VEP
12332,15344,VEP
15355,15344,VEP
15356,15344,VEP
6568,15344,VEP
10226,15344,VEP
10221,15344,VEP
7367,15344,VEP
8272,15344,VEP
10200,15344,VEP
10207,15344,VEP
10202,15344,VEP
10205,15344,VEP
10209,15344,VEP
10210,15344,VEP
10203,15344,VEP
10219,15344,VEP
10223,15344,VEP
10006,15344,VEP
10208,15344,VEP
8177,15344,VEP
8179,15344,VEP
10204,15344,VEP
10206,15344,VEP
10212,15344,VEP
10213,15344,VEP
9086,15344,VEP
10218,15344,VEP
9669,15344,VEP
10216,15344,VEP
10114,15344,VEP
10186,15344,VEP
8495,15344,VEP
8497,15344,VEP
9115,15344,VEP
10189,15344,VEP
10190,15344,VEP
3146,15344,VEP
15357,15344,VEP
8939,15344,VEP
8940,15344,VEP
8945,15344,VEP
10187,15344,VEP
8952,15344,VEP
8950,15344,VEP
8949,15344,VEP
8951,15344,VEP
10199,15344,VEP
10195,15344,VEP
10198,15344,VEP
10197,15344,VEP
7268,15344,VEP
10196,15344,VEP
10193,15344,VEP
6855,15344,VEP
13190,15344,VEP
24,15344,VEP
15358,15344,VEP
15359,15360,VEP
1798,15360,VEP
10297,15360,VEP
7296,15360,VEP
8437,15360,VEP
15361,15360,VEP
9712,15360,VEP
15362,15360,VEP
14659,15360,VEP
10281,15360,VEP
3893,15360,VEP
8420,15360,VEP
1316,15360,VEP
1500,15360,VEP
10278,15360,VEP
15363,15360,VEP
11049,15360,VEP
15364,15360,VEP
15365,15360,VEP
15366,15360,VEP
11034,15367,VEP
6640,15368,VEP
6640,15369,VEP
6640,15370,VEP
6640,15371,VEP
6640,10311,VEP
6640,6593,VEP
6640,15372,VEP
6640,14906,VEP
6640,15373,VEP
6640,15374,VEP
6640,15375,VEP
6640,15376,VEP
6640,15377,VEP
6640,15378,VEP
6640,15379,VEP
6640,15380,VEP
6640,12424,VEP
6640,15381,VEP
7764,15382,VEP
7766,15382,VEP
6640,15383,VEP
7923,15384,VEP
6640,15385,VEP
6640,15386,VEP
6640,15390,VEP
6640,15391,VEP
6640,15392,VEP
6640,15393,VEP
6640,15394,VEP
6640,10997,VEP
8259,15395,VEP
6630,15396,VEP
6640,15397,VEP
12581,15398,VEP
13736,15398,VEP
15399,15400,VEP
13532,15400,VEP
15401,15400,VEP
15402,15400,VEP
15403,15400,VEP
15404,15400,VEP
15405,15400,VEP
15406,15400,VEP
15407,15400,VEP
6910,10607,VEP
6908,10607,VEP
6640,10836,VEP
7541,15416,VEP
15417,15416,VEP
7919,15416,VEP
15418,15416,VEP
15419,15416,VEP
15420,15416,VEP
11045,15416,VEP
15421,15416,VEP
15422,15416,VEP
9618,15437,VEP
10981,15438,VEP
7400,15438,VEP
10443,10551,VEP
15439,10551,VEP
13026,10551,VEP
6640,14873,VEP
6640,12164,VEP
6640,11543,VEP
6640,15441,VEP
7516,15442,VEP
6609,15443,VEP
15444,15443,VEP
7479,15443,VEP
15445,15443,VEP
9068,15443,VEP
7790,15443,VEP
8327,15443,VEP
7481,15443,VEP
7486,15443,VEP
7485,15443,VEP
7484,15443,VEP
10790,15443,VEP
12281,15443,VEP
15446,15443,VEP
7476,15443,VEP
7478,15443,VEP
6596,15443,VEP
1222,15443,VEP
10102,15443,VEP
13713,15443,VEP
6574,8198,VEP
6640,15447,VEP
6640,15448,VEP
6640,15449,VEP
6640,15450,VEP
6640,15451,VEP
6640,15452,VEP
6640,15453,VEP
6640,15454,VEP
6640,15455,VEP
6815,15456,VEP
6640,12169,VEP
6640,12170,VEP
6640,8218,VEP
6640,12003,VEP
15466,15344,VEP
15467,15344,VEP
15468,15386,VEP
15469,15386,VEP
15470,15471,VEP
15472,15471,VEP
15473,15471,VEP
15474,15471,VEP
15475,15476,VEP
15477,15476,VEP
643,15476,VEP
15478,13189,VEP
15479,13189,VEP
15480,13189,VEP
15481,13189,VEP
15482,13189,VEP
6325,13189,VEP
1235,15483,VEP
15484,15483,VEP
15485,15486,VEP
15487,15486,VEP
15488,15486,VEP
15489,15486,VEP
15490,15486,VEP
15491,15486,VEP
15492,15486,VEP
15493,15486,VEP
15494,15486,VEP
15495,15486,VEP
15496,15486,VEP
15497,15486,VEP
6651,15498,VEP
15499,10551,VEP
15500,10551,VEP
15501,10551,VEP
1235,15502,VEP
15484,15502,VEP
15485,10922,VEP
15487,10922,VEP
15488,10922,VEP
15489,10922,VEP
15490,10922,VEP
15491,10922,VEP
15492,10922,VEP
15493,10922,VEP
15494,10922,VEP
15495,10922,VEP
15496,10922,VEP
15497,10922,VEP
10213,15503,VEP
8109,15503,VEP
12428,15503,VEP
7181,15503,VEP
7237,15503,VEP
6952,15503,VEP
7495,15503,VEP
13520,15503,VEP
15345,15503,VEP
10036,15503,VEP
10034,15503,VEP
15346,15503,VEP
15347,15503,VEP
15348,15503,VEP
15349,15503,VEP
13239,15503,VEP
11854,15503,VEP
6950,15503,VEP
8354,15503,VEP
11118,15503,VEP
10729,15503,VEP
8193,15503,VEP
15350,15503,VEP
15351,15503,VEP
15352,15503,VEP
6616,15503,VEP
8020,15503,VEP
6661,15503,VEP
15353,15503,VEP
10110,15503,VEP
11349,15503,VEP
12331,15503,VEP
10924,15503,VEP
10795,15503,VEP
13517,15503,VEP
10849,15503,VEP
10428,15503,VEP
15354,15503,VEP
12329,15503,VEP
12332,15503,VEP
15355,15503,VEP
15356,15503,VEP
6568,15503,VEP
10226,15503,VEP
10221,15503,VEP
7367,15503,VEP
8272,15503,VEP
10200,15503,VEP
10207,15503,VEP
10202,15503,VEP
10205,15503,VEP
10209,15503,VEP
10210,15503,VEP
10203,15503,VEP
10219,15503,VEP
10223,15503,VEP
10006,15503,VEP
10208,15503,VEP
8177,15503,VEP
8179,15503,VEP
10204,15503,VEP
10206,15503,VEP
10212,15503,VEP
9086,15503,VEP
10218,15503,VEP
9669,15503,VEP
10216,15503,VEP
10114,15503,VEP
10186,15503,VEP
8495,15503,VEP
8497,15503,VEP
9115,15503,VEP
10189,15503,VEP
10190,15503,VEP
3146,15503,VEP
15357,15503,VEP
8939,15503,VEP
8940,15503,VEP
8945,15503,VEP
10187,15503,VEP
8952,15503,VEP
8950,15503,VEP
8949,15503,VEP
8951,15503,VEP
10199,15503,VEP
10195,15503,VEP
10198,15503,VEP
10197,15503,VEP
7268,15503,VEP
10196,15503,VEP
10193,15503,VEP
6855,15503,VEP
13190,15503,VEP
24,15503,VEP
15358,15503,VEP
469,15504,VEP
15505,6597,VEP
15506,6597,VEP
15507,11088,VEP
15508,11088,VEP
15509,11088,VEP
15510,11088,VEP
15511,11088,VEP
15512,11088,VEP
15513,11088,VEP
6640,15514,VEP
15515,15516,VEP
15517,15516,VEP
15518,15516,VEP
15519,15520,VEP
15521,15520,VEP
15522,15520,VEP
15523,15520,VEP
10981,15524,VEP
7400,15524,VEP
6640,15525,VEP
6640,15526,VEP
6640,15537,VEP
6640,15538,VEP
6640,15539,VEP
6640,15540,VEP
6640,15541,VEP
6640,15542,VEP
6640,15546,VEP
6640,15547,VEP
6640,15551,VEP
6640,15552,VEP
6640,15553,VEP
6640,15554,VEP
6622,15555,VEP
6640,15556,VEP
6640,15557,VEP
6640,15558,VEP
6640,15559,VEP
6640,15572,VEP
6640,15059,VEP
6640,15573,VEP
6640,15574,VEP
6640,15575,VEP
6640,15576,VEP
6640,7817,VEP
6640,7521,VEP
6640,7990,VEP
6640,15577,VEP
6640,15064,VEP
6640,15065,VEP
6640,10778,VEP
6640,15578,VEP
6640,10533,VEP
6640,10116,VEP
6640,15579,VEP
6640,15580,VEP
6640,15581,VEP
6640,15582,VEP
6640,15600,VEP
6640,15601,VEP
6640,10228,VEP
6640,15602,VEP
6640,15603,VEP
6640,7803,VEP
6640,15257,VEP
6640,15259,VEP
6640,15622,VEP
6640,15623,VEP
6640,15624,VEP
6640,15625,VEP
6640,15626,VEP
6640,15627,VEP
6640,15628,VEP
6640,15629,VEP
6640,15630,VEP
3151,15631,VEP
15632,15631,VEP
15633,15634,VEP
15635,15634,VEP
6640,15636,VEP
6640,15637,VEP
6640,15638,VEP
6640,15639,VEP
6640,15640,VEP
6640,15641,VEP
6640,15698,VEP
6640,15699,VEP
6640,15700,VEP
6640,15701,VEP
6640,15702,VEP
6640,15703,VEP
6640,15704,VEP
6640,15705,VEP
6640,15706,VEP
6640,15721,VEP
6640,15722,VEP
6640,15723,VEP
6640,15724,VEP
6640,15725,VEP
6640,15726,VEP
6640,15727,VEP
6640,15728,VEP
6640,15746,VEP
6640,15747,VEP
6640,15748,VEP
6640,15749,VEP
6640,15750,VEP
6640,15751,VEP
6640,15752,VEP
6640,15773,VEP
6640,15774,VEP
6640,15775,VEP
6640,15809,VEP
15499,15395,VEP
15500,15395,VEP
15501,15395,VEP
7764,15810,VEP
7766,15810,VEP
12581,14323,VEP
13736,14323,VEP
15811,15812,VEP
6640,6909,VEP
15813,9954,VEP
15814,9954,VEP
2516,15815,VEP
15816,15524,VEP
15817,15818,VEP
15485,10614,VEP
15487,10614,VEP
15488,10614,VEP
15489,10614,VEP
15490,10614,VEP
15491,10614,VEP
15492,10614,VEP
15493,10614,VEP
15494,10614,VEP
15495,10614,VEP
15496,10614,VEP
15497,10614,VEP
22,10724,VEP
15819,10724,VEP
15820,10724,VEP
15821,10724,VEP
15822,10724,VEP
15823,10724,VEP
15824,10724,VEP
15825,10724,VEP
15813,15826,VEP
15814,15826,VEP
15827,14264,VEP
15828,14264,VEP
15829,15830,VEP
15831,15830,VEP
15832,15830,VEP
2397,15833,VEP
15834,15833,VEP
6640,15835,VEP
692,15836,VEP
15837,15836,VEP
15838,15836,VEP
15839,15836,VEP
15840,15836,VEP
15841,15836,VEP
15842,15836,VEP
15843,15836,VEP
15844,15836,VEP
3672,15836,VEP
15845,15836,VEP
15846,15836,VEP
15847,15836,VEP
15848,15836,VEP
15849,15836,VEP
6640,15812,VEP
15850,10614,VEP
15851,10961,VEP
15852,10961,VEP
15853,10961,VEP
15854,10961,VEP
6640,15855,VEP
15856,10621,VEP
6640,10621,VEP
15499,15861,VEP
15500,15861,VEP
15501,15861,VEP
15862,15863,VEP
469,15864,VEP
1235,15865,VEP
15484,15865,VEP
1031,10477,VEP
15866,10477,VEP
15867,10477,VEP
15868,15329,VEP
15869,15360,VEP
15870,15360,VEP
15871,15360,VEP
15872,15360,VEP
15873,15360,VEP
15874,15360,VEP
15875,15360,VEP
15876,15360,VEP
15877,15456,VEP
15829,15878,VEP
15831,15878,VEP
15832,15878,VEP
15879,15880,VEP
15881,15880,VEP
15882,15880,VEP
15883,15884,VEP
3810,15524,VEP
15885,15524,VEP
15886,15524,VEP
15887,15524,VEP
15888,10621,VEP
15889,10614,VEP
15890,10614,VEP
4596,15855,VEP
15891,15855,VEP
15892,15855,VEP
15893,15855,VEP
15894,15855,VEP
15895,15855,VEP
15896,15855,VEP
15897,15855,VEP
15898,15855,VEP
15899,15855,VEP
15900,15855,VEP
15901,15855,VEP
15902,15855,VEP
15903,15855,VEP
15904,15855,VEP
15905,15855,VEP
15906,15855,VEP
15907,15855,VEP
15908,15855,VEP
15909,15855,VEP
15910,15855,VEP
15911,15855,VEP
15912,15855,VEP
15913,15855,VEP
15914,15855,VEP
15915,15855,VEP
15916,15855,VEP
15917,15855,VEP
936,15855,VEP
15918,15855,VEP
15919,15855,VEP
15920,15855,VEP
15921,15855,VEP
15922,15855,VEP
15923,15855,VEP
15924,15855,VEP
15925,15855,VEP
15926,15855,VEP
15927,15855,VEP
15928,15855,VEP
3141,15855,VEP
6378,15855,VEP
15929,15855,VEP
1971,15855,VEP
15930,15855,VEP
15931,15855,VEP
15932,15855,VEP
15933,15855,VEP
15934,15855,VEP
15935,15855,VEP
15936,15855,VEP
15937,15855,VEP
15938,15855,VEP
15939,15855,VEP
15940,15855,VEP
15941,15855,VEP
15942,15855,VEP
15943,15855,VEP
1332,15855,VEP
15944,15855,VEP
15945,15855,VEP
15946,15855,VEP
15947,15855,VEP
15948,15855,VEP
15949,15855,VEP
15950,15855,VEP
15951,15855,VEP
15952,15855,VEP
15953,15855,VEP
15954,15855,VEP
15955,15855,VEP
15956,15855,VEP
15957,15855,VEP
15958,15855,VEP
15959,15855,VEP
15960,15855,VEP
615,15855,VEP
15961,15855,VEP
15962,15855,VEP
15963,15855,VEP
5012,15812,VEP
15964,15818,VEP
15519,10961,VEP
15521,10961,VEP
15522,10961,VEP
15523,10961,VEP
15466,15965,VEP
15467,15965,VEP
15966,15833,VEP
15967,15836,VEP
2688,15836,VEP
15968,15836,VEP
15969,15836,VEP
15856,10528,VEP
15976,15977,VEP
15978,15977,VEP
15979,15977,VEP
15980,15977,VEP
187,10551,VEP
2590,10551,VEP
15981,10551,VEP
15982,10551,VEP
15983,10551,VEP
15984,10551,VEP
15985,10551,VEP
3845,10551,VEP
15986,10551,VEP
15987,10551,VEP
15988,10551,VEP
15989,14264,VEP
6081,14264,VEP
6640,15990,VEP
6640,15991,VEP
6640,15992,VEP
6640,7346,VEP
6640,15999,VEP
6640,16000,VEP
6640,16001,VEP
6640,16002,VEP
6640,16003,VEP
6640,16004,VEP
6570,6615,VEP
4953,6639,VEP
6676,10698,VEP
6570,16068,VEP
6795,16069,VEP
6607,7075,VEP
6596,16084,VEP
7476,16084,VEP
6590,9065,VEP
6696,6697,VEP
15323,16085,VEP
6576,16086,VEP
6598,6599,VEP
1172,16099,VEP
13911,16100,VEP
7120,16105,VEP
6651,16106,VEP
9651,16107,VEP
6640,16136,VEP
6590,16070,VEP
6616,6617,VEP
7200,7202,VEP
6586,13716,VEP
16065,6589,VEP
6588,6589,VEP
6594,6595,VEP
7476,16067,VEP
6609,6649,VEP
6596,16147,VEP
6576,16071,VEP
6630,6666,VEP
6650,6601,VEP
16065,16066,VEP
6588,16066,VEP
6624,16072,VEP
6672,16215,VEP
6706,16215,VEP
6640,16828,VEP
6640,16829,VEP
8265,16866,VEP
6698,13364,VEP
7645,8766,VEP
6717,13363,VEP
8322,13363,VEP
6715,13363,VEP
6875,13363,VEP
12426,13363,VEP
6873,13363,VEP
6754,13363,VEP
8826,13363,VEP
15108,16998,VEP
13742,16999,VEP
6925,17000,VEP
6637,17001,VEP
6871,17002,VEP
354,17003,VEP
7771,17004,VEP
17005,17006,VEP
17007,17008,VEP
2303,17009,VEP
17010,17011,VEP
7784,17014,VEP
8979,17015,VEP
8469,17016,VEP
7778,17017,VEP
13137,17018,VEP
17019,17020,VEP
9482,17021,VEP
17022,17023,VEP
6740,17024,VEP
6626,17025,VEP
1466,17026,VEP
8109,17027,VEP
8979,17028,VEP
8979,17029,VEP
7091,17053,VEP
7083,17053,VEP
7087,17053,VEP
11107,17053,VEP
17057,17058,VEP
6950,17058,VEP
6916,17059,VEP
39,17059,VEP
10254,17059,VEP
7674,17059,VEP
6901,17059,VEP
6578,10105,VEP
10017,10105,VEP
11103,17060,VEP
7001,17060,VEP
11405,17092,VEP
6640,17093,VEP
6704,17096,VEP
6184,17102,VEP
13019,17103,VEP
6916,17139,VEP
39,17139,VEP
7116,17139,VEP
10254,17139,VEP
7674,17139,VEP
6901,17139,VEP
6832,17054,VEP
13247,17055,VEP
17056,17055,VEP
6871,17140,VEP
6622,16715,VEP
17184,17185,VEP
6992,17186,VEP
6993,17186,VEP
6990,17186,VEP
6869,17221,VEP
6737,17225,VEP
6753,17233,VEP
2414,17228,VEP
17229,17228,VEP
7367,17250,VEP
10220,17250,VEP
9086,17251,VEP
17252,17251,VEP
9115,17253,VEP
10189,17253,VEP
17254,17255,VEP
10185,17255,VEP
8939,17256,VEP
8940,17256,VEP
17257,17258,VEP
8949,17258,VEP
10198,7653,VEP
10197,7653,VEP
6855,6856,VEP
17259,6856,VEP
16276,17260,VEP
10754,17260,VEP
7332,17261,VEP
6859,17262,VEP
16390,17262,VEP
6889,17263,VEP
2353,17263,VEP
13719,17264,VEP
7045,17265,VEP
6706,17266,VEP
6672,17266,VEP
12244,12243,VEP
10156,12243,VEP
9098,17267,VEP
10254,12203,VEP
13833,17273,VEP
7635,17274,VEP
6795,17275,VEP
10182,17276,VEP
10236,12215,VEP
10235,12215,VEP
17277,17278,VEP
17279,17278,VEP
7315,17280,VEP
7312,17280,VEP
17281,17282,VEP
7852,17283,VEP
7852,17284,VEP
7852,17285,VEP
3794,17285,VEP
14271,17286,VEP
6651,17287,VEP
4633,17288,VEP
7379,17437,VEP
17438,17437,VEP
17439,17437,VEP
6640,17467,VEP
6640,17468,VEP
6640,17469,VEP
6640,17470,VEP
6640,17471,VEP
6640,17472,VEP
6640,17473,VEP
6640,17474,VEP
6640,17475,VEP
6640,17476,VEP
6640,17496,VEP
6640,17497,VEP
9414,17060,VEP
7157,15114,VEP
6640,17503,VEP
6640,17504,VEP
6676,11467,VEP
6659,6660,VEP
6706,17519,VEP
16237,17552,VEP
154,17552,VEP
7760,17553,VEP
6640,17554,VEP
7237,17555,VEP
6952,17556,VEP
6640,17557,VEP
6580,7297,VEP
17517,17518,VEP
7200,17516,VEP
6566,6567,VEP
6586,6658,VEP
6661,6662,VEP
6663,6662,VEP
17603,6633,VEP
16276,17649,VEP
6704,14740,VEP
17650,14740,VEP
11752,17651,VEP
16276,17652,VEP
6753,7569,VEP
2857,17659,VEP
7882,17659,VEP
1515,17722,VEP
6640,17739,VEP
7226,17786,VEP
10015,17786,VEP
6823,14034,VEP
7147,17787,VEP
7149,17787,VEP
7149,17788,VEP
7961,17789,VEP
17790,17789,VEP
8457,17789,VEP
13839,17791,VEP
6640,17811,VEP
6640,17812,VEP
6640,17813,VEP
6640,17814,VEP
6720,17816,VEP
6720,17817,VEP
6504,17817,VEP
6720,17815,VEP
683,14953,VEP
7421,8282,VEP
8281,8282,VEP
354,8282,VEP
6640,17929,VEP
6640,17930,VEP
6640,17931,VEP
6640,17932,VEP
6640,17933,VEP
6640,17934,VEP
6640,17935,VEP
6640,17936,VEP
6640,17937,VEP
6640,17938,VEP
6640,17939,VEP
6640,17940,VEP
6640,17941,VEP
6640,17942,VEP
6640,17943,VEP
6640,17944,VEP
6640,17945,VEP
6640,17946,VEP
6640,17947,VEP
6640,17948,VEP
6640,17949,VEP
6640,17950,VEP
6640,17951,VEP
6640,17952,VEP
6640,17953,VEP
6640,17954,VEP
6640,17955,VEP
6640,17956,VEP
6640,17957,VEP
6640,17958,VEP
6640,17959,VEP
6640,17960,VEP
6640,17961,VEP
6640,17962,VEP
6640,17963,VEP
6640,17964,VEP
6640,17965,VEP
6640,17966,VEP
6640,17967,VEP
6640,17968,VEP
6640,17969,VEP
6640,17970,VEP
6640,17971,VEP
6640,17972,VEP
6640,17973,VEP
6640,17974,VEP
6640,17975,VEP
6640,17976,VEP
6640,17977,VEP
6640,17978,VEP
6640,17979,VEP
6640,17980,VEP
6640,17981,VEP
6640,17982,VEP
6640,17983,VEP
6640,17984,VEP
6640,17985,VEP
6640,17986,VEP
6640,17987,VEP
6640,17988,VEP
6640,17989,VEP
6640,17990,VEP
6640,17991,VEP
6640,17992,VEP
6640,17993,VEP
6640,17994,VEP
6640,18025,VEP
6640,18026,VEP
6640,18027,VEP
6640,18028,VEP
6640,18029,VEP
6640,18030,VEP
6640,18031,VEP
6640,18032,VEP
6640,18033,VEP
6640,18034,VEP
10981,18056,VEP
6640,18093,VEP
6640,18094,VEP
6640,18122,VEP
6640,18123,VEP
6640,7951,VEP
6640,18124,VEP
6640,18125,VEP
6640,7531,VEP
6640,18126,VEP
6640,14747,VEP
6640,18127,VEP
6640,18128,VEP
6640,18129,VEP
6640,18130,VEP
6640,8533,VEP
6640,18131,VEP
6640,18132,VEP
6640,18133,VEP
6640,18134,VEP
6640,10465,VEP
6640,18135,VEP
6640,18136,VEP
6640,18137,VEP
6640,18138,VEP
6640,18139,VEP
6640,18140,VEP
6640,18141,VEP
7645,18151,VEP
7645,18152,VEP
7645,18153,VEP
7645,18154,VEP
6640,11612,VEP
6640,18155,VEP
6640,18156,VEP
6640,18157,VEP
6640,18158,VEP
6640,18161,VEP
6640,18162,VEP
6640,18163,VEP
6640,18165,VEP
6640,18166,VEP
6640,18167,VEP
6640,18168,VEP
6640,18169,VEP
6640,18170,VEP
6640,18171,VEP
6640,18172,VEP
6640,18173,VEP
6640,18174,VEP
6640,18175,VEP
6640,18176,VEP
6640,18177,VEP
6640,18178,VEP
6640,18179,VEP
6640,18180,VEP
6640,18181,VEP
6640,18182,VEP
6640,18183,VEP
6640,18184,VEP
6640,18185,VEP
6640,18186,VEP
6640,18187,VEP
6640,18188,VEP
6640,18189,VEP
6640,18190,VEP
6640,18191,VEP
6640,18192,VEP
6640,18193,VEP
6640,18194,VEP
6640,18195,VEP
6640,18196,VEP
6640,18197,VEP
6640,18198,VEP
6640,18199,VEP
6640,18200,VEP
6640,18201,VEP
6640,18202,VEP
6640,18203,VEP
6640,18204,VEP
6640,18205,VEP
6640,18206,VEP
6640,18207,VEP
6640,18214,VEP
6640,18215,VEP
6640,18216,VEP
6640,18217,VEP
6640,18218,VEP
6640,18219,VEP
6640,18220,VEP
6640,18221,VEP
6640,18222,VEP
6640,18223,VEP
6640,18224,VEP
6640,18225,VEP
6640,18226,VEP
6640,18227,VEP
6640,18228,VEP
6640,18229,VEP
6640,18230,VEP
6640,18231,VEP
6640,18232,VEP
6640,18233,VEP
6640,18234,VEP
6640,18235,VEP
6640,18236,VEP
6640,18237,VEP
6640,18238,VEP
6640,18239,VEP
6640,18240,VEP
6640,18241,VEP
6640,18242,VEP
6640,18243,VEP
6640,18244,VEP
6640,18245,VEP
6640,18246,VEP
6640,18247,VEP
6640,18248,VEP
6640,18249,VEP
6640,18310,VEP
6640,18311,VEP
6640,18312,VEP
6640,18313,VEP
6640,18314,VEP
6640,18315,VEP
6640,18316,VEP
6640,18317,VEP
6640,18318,VEP
6640,18319,VEP
6640,18320,VEP
6640,18321,VEP
6640,18322,VEP
6640,18323,VEP
6640,18324,VEP
6640,18325,VEP
6640,18326,VEP
6640,18327,VEP
6640,18328,VEP
6640,18329,VEP
6640,18330,VEP
6640,18331,VEP
6640,18346,VEP
6640,18347,VEP
6640,18348,VEP
6640,11282,VEP
6640,18349,VEP
6640,18350,VEP
6640,18351,VEP
6640,18352,VEP
6640,18353,VEP
6640,17200,VEP
6640,18354,VEP
6640,18355,VEP
6640,10132,VEP
6640,18356,VEP
6640,18357,VEP
6640,18358,VEP
6640,18359,VEP
6640,18360,VEP
6640,18361,VEP
6640,18362,VEP
18376,18377,VEP
6622,18378,VEP
6622,18379,VEP
2011,18380,VEP
6622,18381,VEP
6622,18382,VEP
2011,18383,VEP
6640,11614,VEP
6640,18414,VEP
6640,7865,VEP
6640,18415,VEP
6640,18416,VEP
6640,18417,VEP
6640,13574,VEP
6640,18418,VEP
6640,18419,VEP
6640,18423,VEP
6640,18447,VEP
6640,18448,VEP
6640,13762,VEP
7645,18455,VEP
6640,16213,VEP
6640,18486,VEP
6640,18487,VEP
6640,18488,VEP
6640,18489,VEP
6640,18490,VEP
6640,18491,VEP
6640,18492,VEP
6640,18493,VEP
6640,18494,VEP
6640,18495,VEP
6640,18496,VEP
6640,18497,VEP
6640,18498,VEP
6640,18499,VEP
6640,18500,VEP
6640,18501,VEP
6640,18502,VEP
6640,18503,VEP
6640,18504,VEP
6640,18505,VEP
6640,18506,VEP
6640,18507,VEP
7645,18454,VEP
6640,18559,VEP
6640,18560,VEP
6640,18561,VEP
6640,18562,VEP
6640,18563,VEP
6640,12613,VEP
6640,18564,VEP
6640,18565,VEP
6640,18566,VEP
6640,18567,VEP
6640,18568,VEP
6640,16587,VEP
6640,18569,VEP
6640,18570,VEP
6640,14697,VEP
6640,18571,VEP
6640,18572,VEP
6640,18573,VEP
6640,18574,VEP
6640,18575,VEP
6640,18576,VEP
6640,8305,VEP
6640,18577,VEP
6640,18578,VEP
6640,18579,VEP
6640,11917,VEP
6640,16172,VEP
6640,18580,VEP
6640,18581,VEP
6640,8042,VEP
6640,18582,VEP
6640,17996,VEP
6640,10257,VEP
6640,18583,VEP
6640,18584,VEP
6640,13471,VEP
6640,18585,VEP
6640,10093,VEP
6640,18586,VEP
6640,18587,VEP
6640,18588,VEP
6640,12357,VEP
6640,18589,VEP
6640,18590,VEP
6640,18591,VEP
6640,18592,VEP
6640,18593,VEP
6640,18594,VEP
6640,18595,VEP
6640,18596,VEP
6640,15159,VEP
6640,16540,VEP
6640,7027,VEP
6640,17854,VEP
6640,16545,VEP
6640,6960,VEP
6640,17855,VEP
6640,18598,VEP
6640,9035,VEP
6640,16543,VEP
6640,18599,VEP
6640,18601,VEP
6640,18602,VEP
6640,18603,VEP
6640,18604,VEP
6640,18605,VEP
6640,18606,VEP
6640,18607,VEP
6640,18608,VEP
6640,18609,VEP
6640,18610,VEP
6640,18611,VEP
6640,18612,VEP
6640,18613,VEP
6640,11567,VEP
6640,18614,VEP
6640,18615,VEP
6640,10128,VEP
6640,16023,VEP
6640,18616,VEP
6640,18617,VEP
6640,18618,VEP
6640,18619,VEP
6640,18620,VEP
6640,18621,VEP
6640,18622,VEP
6640,18623,VEP
6640,18624,VEP
6640,18625,VEP
6640,18626,VEP
6640,18627,VEP
6640,18628,VEP
6640,18629,VEP
6640,18630,VEP
6640,8775,VEP
6640,18631,VEP
6640,18632,VEP
6640,18633,VEP
6640,18634,VEP
6640,18635,VEP
6640,8278,VEP
6640,18636,VEP
6640,18637,VEP
6640,18638,VEP
6640,18639,VEP
6640,18640,VEP
1378,18650,VEP
6640,18657,VEP
6640,18658,VEP
6640,18664,VEP
6640,18665,VEP
6640,11484,VEP
6640,18666,VEP
6640,18667,VEP
6640,18668,VEP
6640,18669,VEP
18687,18688,VEP
18689,18688,VEP
6640,18693,VEP
6640,18694,VEP
6640,18695,VEP
6640,18696,VEP
6640,18697,VEP
6640,18698,VEP
6640,18699,VEP
6640,18700,VEP
6640,18701,VEP
6640,18702,VEP
6640,18703,VEP
6640,18704,VEP
6640,18705,VEP
6640,18706,VEP
6640,18707,VEP
6640,18708,VEP
6640,18709,VEP
6640,18719,VEP
6640,18720,VEP
6640,18721,VEP
6640,15476,VEP
6855,18764,VEP
13190,18764,VEP
8017,18764,VEP
7329,18764,VEP
7802,18764,VEP
6673,18764,VEP
6869,18764,VEP
7123,18764,VEP
6867,18764,VEP
7134,18764,VEP
6901,18764,VEP
6570,18765,VEP
7764,18765,VEP
13120,18765,VEP
18766,18765,VEP
8071,18765,VEP
6832,18765,VEP
13885,18765,VEP
8931,18767,VEP
6698,15656,VEP
11412,15656,VEP
7125,15656,VEP
8109,18289,VEP
12428,18289,VEP
7181,18289,VEP
7237,18289,VEP
6952,18289,VEP
7495,18289,VEP
13520,18289,VEP
15345,18289,VEP
10034,18289,VEP
10036,18289,VEP
15347,18289,VEP
15348,18289,VEP
15346,18289,VEP
15349,18289,VEP
13239,18289,VEP
11854,18289,VEP
6950,18289,VEP
8861,18289,VEP
7978,18289,VEP
8354,18289,VEP
11118,18289,VEP
10727,18289,VEP
10729,18289,VEP
8193,18289,VEP
6616,18289,VEP
16504,18289,VEP
6661,18289,VEP
11812,18289,VEP
10110,18289,VEP
11349,18289,VEP
12331,18289,VEP
16782,18289,VEP
10924,18289,VEP
10795,18289,VEP
13517,18289,VEP
10849,18289,VEP
10428,18289,VEP
15354,18289,VEP
12329,18289,VEP
15355,18289,VEP
6568,18289,VEP
10098,18289,VEP
10226,18289,VEP
9883,18289,VEP
10221,18289,VEP
7367,18289,VEP
8272,18289,VEP
10207,18289,VEP
10202,18289,VEP
10205,18289,VEP
10209,18289,VEP
10210,18289,VEP
10219,18289,VEP
10223,18289,VEP
10006,18289,VEP
10208,18289,VEP
8177,18289,VEP
8179,18289,VEP
10204,18289,VEP
10212,18289,VEP
10213,18289,VEP
9086,18289,VEP
10218,18289,VEP
9669,18289,VEP
10216,18289,VEP
10114,18289,VEP
10186,18289,VEP
10191,18289,VEP
8495,18289,VEP
8497,18289,VEP
9115,18289,VEP
10189,18289,VEP
10190,18289,VEP
3146,18289,VEP
13193,18289,VEP
16279,18289,VEP
7334,18289,VEP
12213,18289,VEP
9978,18289,VEP
6893,18289,VEP
10240,18289,VEP
6984,18289,VEP
6747,18289,VEP
16935,18289,VEP
6618,18289,VEP
11993,18289,VEP
15323,18289,VEP
16919,18289,VEP
7365,18289,VEP
12581,18289,VEP
13737,18289,VEP
18768,13224,VEP
4953,13224,VEP
7771,18769,VEP
6588,18769,VEP
8359,18769,VEP
18770,7891,VEP
7300,7891,VEP
18771,7891,VEP
6846,8798,VEP
10398,18772,VEP
13856,18772,VEP
13912,18773,VEP
18774,18773,VEP
7195,18773,VEP
6955,18775,VEP
18776,18777,VEP
9689,18777,VEP
10935,18777,VEP
6713,18777,VEP
1377,8493,VEP
7025,8493,VEP
8494,8493,VEP
13900,8493,VEP
18778,8493,VEP
6981,8493,VEP
18779,8493,VEP
18780,18781,VEP
1705,18782,VEP
2857,18783,VEP
6840,18784,VEP
6842,18784,VEP
14085,18784,VEP
10475,18785,VEP
7179,18785,VEP
18786,18785,VEP
6884,18787,VEP
6640,18812,VEP
6640,17378,VEP
6640,18855,VEP
6640,18907,VEP
6640,18911,VEP
6640,18912,VEP
6640,18913,VEP
6640,18914,VEP
6640,18915,VEP
6640,18916,VEP
6966,18936,VEP
683,18937,VEP
3633,18939,VEP
17446,18939,VEP
14508,18939,VEP
18940,18939,VEP
11247,18939,VEP
11768,18939,VEP
18941,18939,VEP
18942,18939,VEP
4570,18939,VEP
154,18943,VEP
18944,18945,VEP
18946,18945,VEP
18947,18945,VEP
12989,11640,VEP
14617,11640,VEP
7481,11640,VEP
12023,11640,VEP
7486,11640,VEP
7402,18948,VEP
1112,18948,VEP
11776,12248,VEP
17323,12248,VEP
17517,12248,VEP
14811,12248,VEP
18949,12248,VEP
17551,12248,VEP
204,12248,VEP
17361,12248,VEP
14654,12248,VEP
14849,12248,VEP
10676,12248,VEP
14851,12248,VEP
7583,12248,VEP
7600,12248,VEP
7593,12248,VEP
7595,12248,VEP
7603,12248,VEP
7607,12248,VEP
7586,12248,VEP
7599,12248,VEP
7592,12248,VEP
7602,12248,VEP
7587,12248,VEP
1361,12248,VEP
7596,12248,VEP
1452,12248,VEP
7590,12248,VEP
7589,12248,VEP
7588,12248,VEP
7591,12248,VEP
7597,12248,VEP
7594,12248,VEP
7601,12248,VEP
7604,12248,VEP
7605,12248,VEP
6628,12248,VEP
18950,12248,VEP
12300,18951,VEP
11887,18951,VEP
8184,18951,VEP
7016,18951,VEP
8983,18951,VEP
6815,18951,VEP
6651,18952,VEP
7419,18953,VEP
12411,18953,VEP
13024,18954,VEP
7994,18954,VEP
7992,18954,VEP
6640,18984,VEP
6640,18985,VEP
6640,18986,VEP
6640,18987,VEP
6640,18990,VEP
6640,8796,VEP
6640,8304,VEP
6640,11819,VEP
6640,18994,VEP
6640,8801,VEP
6640,19015,VEP
6640,19016,VEP
6640,19017,VEP
6640,19018,VEP
6640,19019,VEP
6640,10918,VEP
6640,19020,VEP
6640,19021,VEP
6640,19022,VEP
6640,19023,VEP
6640,19024,VEP
6640,19025,VEP
6640,19026,VEP
6640,19027,VEP
6640,6736,VEP
6640,19028,VEP
6640,19029,VEP
6640,19030,VEP
6640,19067,VEP
6640,19068,VEP
6640,19069,VEP
6640,19070,VEP
6640,19071,VEP
6640,19072,VEP
6640,19073,VEP
6640,19074,VEP
6640,19075,VEP
6640,19076,VEP
6640,14592,VEP
6640,10654,VEP
6640,19111,VEP
6640,8804,VEP
6640,19130,VEP
6640,19131,VEP
6640,19132,VEP
6640,13288,VEP
6640,19134,VEP
6640,19135,VEP
6640,19136,VEP
6640,19139,VEP
6640,19140,VEP
6640,19141,VEP
6640,19142,VEP
6640,19143,VEP
6640,19179,VEP
6640,19206,VEP
6640,19207,VEP
6640,19208,VEP
6640,19209,VEP
6640,19210,VEP
6640,19211,VEP
6640,19212,VEP
6640,19213,VEP
6640,19214,VEP
6640,19215,VEP
6640,19216,VEP
6640,19217,VEP
6640,19218,VEP
6640,19219,VEP
6640,19220,VEP
6640,19221,VEP
6640,19222,VEP
6640,8061,VEP
6640,8043,VEP
6640,8049,VEP
6640,19002,VEP
6640,19227,VEP
6640,7930,VEP
6640,19005,VEP
6640,19228,VEP
6640,10597,VEP
6640,14760,VEP
6640,19229,VEP
6640,19230,VEP
6640,19007,VEP
6640,19237,VEP
6640,19238,VEP
6640,10659,VEP
6640,19249,VEP
6640,19260,VEP
6640,19261,VEP
6640,19149,VEP
6640,10667,VEP
6640,19150,VEP
6640,19151,VEP
6640,19266,VEP
6640,10674,VEP
6640,19267,VEP
6640,10679,VEP
6640,19154,VEP
6640,19268,VEP
6640,19277,VEP
6698,19286,VEP
6640,9954,VEP
6747,19295,VEP
6748,19295,VEP
6761,19296,VEP
7204,10468,VEP
11297,19297,VEP
6640,19298,VEP
6640,19299,VEP
6640,19300,VEP
6640,19301,VEP
7273,10668,VEP
7392,19302,VEP
6640,19303,VEP
6640,19304,VEP
6640,19305,VEP
6640,19285,VEP
6640,19306,VEP
6640,19307,VEP
6640,19308,VEP
6640,19309,VEP
6640,19310,VEP
6640,19272,VEP
6640,16563,VEP
6640,19282,VEP
6640,19327,VEP
6640,19328,VEP
6640,16786,VEP
6640,19330,VEP
6640,19344,VEP
6640,19353,VEP
6640,19354,VEP
6640,19355,VEP
6640,19356,VEP
6640,14264,VEP
6622,19358,VEP
6640,19381,VEP
6640,19382,VEP
6640,19428,VEP
6622,19429,VEP
6640,19450,VEP
6640,19451,VEP
6640,19452,VEP
6640,19484,VEP
6640,19485,VEP
6640,19493,VEP
6640,19494,VEP
6640,19495,VEP
6640,19502,VEP
6640,19503,VEP
6640,19504,VEP
6640,19505,VEP
6590,19586,VEP
1316,19591,VEP
6842,19592,VEP
6842,19599,VEP
19607,19608,VEP
7828,19609,VEP
8891,19610,VEP
19611,19612,VEP
1316,18274,VEP
9704,19610,VEP
19588,19613,VEP
6698,8441,VEP
6588,19614,VEP
12432,19615,VEP
12857,19616,VEP
19617,19618,VEP
15665,19619,VEP
6640,19634,VEP
6640,19635,VEP
6640,19636,VEP
6640,19637,VEP
6640,19639,VEP
8916,19675,VEP
6640,19702,VEP
7200,19716,VEP
19717,18075,VEP
6925,19745,VEP
6846,19745,VEP
1378,19773,VEP
19817,19818,VEP
6640,19832,VEP
6640,19833,VEP
6640,19834,VEP
6640,19881,VEP
6640,19882,VEP
6640,19883,VEP
6640,15833,VEP
6640,19937,VEP
6640,19938,VEP
6640,19950,VEP
6640,18989,VEP
6640,19951,VEP
6640,20138,VEP
6640,10839,VEP
6640,20139,VEP
6640,20140,VEP
7147,19810,VEP
7357,19809,VEP
6968,19807,VEP
12154,19808,VEP
1316,10487,VEP
9984,20163,VEP
6640,20193,VEP
6640,8191,VEP
6640,10990,VEP
6640,11178,VEP
6640,9002,VEP
6640,9951,VEP
6640,9962,VEP
6640,20194,VEP
6640,8997,VEP
6609,17380,VEP
7392,20235,VEP
10673,20236,VEP
8276,20267,VEP
6692,20276,VEP
10272,20283,VEP
6710,20284,VEP
6590,20285,VEP
20286,20285,VEP
10017,20285,VEP
8017,20287,VEP
7802,20287,VEP
1088,20288,VEP
270,20294,VEP
7502,20294,VEP
7986,20294,VEP
8398,20294,VEP
2426,20294,VEP
20295,20294,VEP
20296,20294,VEP
20297,20294,VEP
19821,20294,VEP
20298,20294,VEP
20299,20294,VEP
20300,20294,VEP
20301,20294,VEP
20302,20294,VEP
6372,20294,VEP
20303,20294,VEP
20304,20294,VEP
11609,20294,VEP
19822,20294,VEP
14917,20294,VEP
7795,20294,VEP
7523,20294,VEP
6640,10998,VEP
6640,12315,VEP
6640,20320,VEP
6640,8141,VEP
6747,13045,VEP
6745,13045,VEP
6745,13063,VEP
6747,20357,VEP
6745,20357,VEP
6640,20414,VEP
6640,20415,VEP
6640,20428,VEP
6640,19661,VEP
6640,11477,VEP
6640,20429,VEP
6640,20430,VEP
6640,11557,VEP
6640,20431,VEP
7131,20459,VEP
7447,20460,VEP
8939,20461,VEP
20462,20463,VEP
6640,20464,VEP
6640,20468,VEP
6640,16444,VEP
6640,15457,VEP
6640,20238,VEP
6640,20469,VEP
6640,8139,VEP
6640,19316,VEP
6815,20509,VEP
7795,20667,VEP
6622,20684,VEP
6748,20713,VEP
6901,20714,VEP
6866,13572,VEP
6864,6865,VEP
18770,20719,VEP
6795,20722,VEP
9304,20729,VEP
6586,20729,VEP
20732,20733,VEP
6672,20736,VEP
6504,20752,VEP
20753,20754,VEP
6640,20818,VEP
6640,20819,VEP
6640,20820,VEP
6640,20821,VEP
6640,20822,VEP
6640,20823,VEP
6640,20824,VEP
6640,20825,VEP
6640,20826,VEP
6640,20827,VEP
6640,20849,VEP
6640,20850,VEP
6640,20851,VEP
6640,20852,VEP
6640,20853,VEP
6640,20854,VEP
6640,20855,VEP
6640,15548,VEP
6640,20858,VEP
6640,20859,VEP
6640,20860,VEP
6640,20861,VEP
6640,20862,VEP
6640,20863,VEP
6640,20864,VEP
6640,20865,VEP
6640,20870,VEP
6640,20871,VEP
6640,20872,VEP
6640,20906,VEP
6640,20907,VEP
6640,20911,VEP
6640,20912,VEP
6640,20913,VEP
6640,20914,VEP
6640,20915,VEP
6640,20916,VEP
6640,20917,VEP
6640,20918,VEP
6640,20919,VEP
6640,20920,VEP
6640,20921,VEP
6640,20922,VEP
6640,20939,VEP
6640,20940,VEP
6640,20941,VEP
6640,20942,VEP
6640,20943,VEP
6640,20944,VEP
6640,20945,VEP
6640,20946,VEP
6640,20947,VEP
6640,20948,VEP
7941,20949,VEP
6706,20950,VEP
7941,10769,VEP
6640,20958,VEP
6640,20959,VEP
6640,19652,VEP
6640,20960,VEP
6640,20961,VEP
6640,20962,VEP
6640,20977,VEP
6640,20978,VEP
6640,21040,VEP
6640,21041,VEP
6640,21042,VEP
6640,21043,VEP
6640,21044,VEP
6640,21045,VEP
6640,11977,VEP
6640,21055,VEP
6640,21056,VEP
6640,21057,VEP
6640,21058,VEP
6640,21078,VEP
6640,21079,VEP
6640,21080,VEP
6640,21081,VEP
6640,21082,VEP
6640,21083,VEP
8362,21084,VEP
11132,21085,VEP
6640,21086,VEP
6640,21087,VEP
6640,21088,VEP
6640,21089,VEP
6640,21090,VEP
6640,21091,VEP
7032,21092,VEP
6640,21102,VEP
6640,21103,VEP
6640,21104,VEP
6640,21105,VEP
6640,21113,VEP
6640,21114,VEP
6640,21115,VEP
6640,21116,VEP
6640,21117,VEP
6640,21118,VEP
6640,9717,VEP
6640,21128,VEP
6640,21129,VEP
6640,21130,VEP
6640,21131,VEP
6640,21132,VEP
6640,21133,VEP
6640,21134,VEP
6640,21135,VEP
6640,21136,VEP
8173,21144,VEP
6640,21145,VEP
6640,21146,VEP
6640,21147,VEP
6640,21148,VEP
6640,21149,VEP
6640,21150,VEP
6676,21160,VEP
5253,21161,VEP
10974,10536,VEP
10974,10551,VEP
7429,21162,VEP
6640,21198,VEP
6640,21199,VEP
6640,21201,VEP
6640,21202,VEP
6640,21203,VEP
6640,21204,VEP
7444,21224,VEP
6676,10619,VEP
5253,15826,VEP
6676,19680,VEP
6676,6675,VEP
9963,10613,VEP
6630,11424,VEP
6630,21234,VEP
6676,21235,VEP
6676,10618,VEP
6640,21247,VEP
6640,21248,VEP
6640,21249,VEP
6640,21250,VEP
6640,21251,VEP
6640,21252,VEP
6640,21296,VEP
6640,21297,VEP
6640,21298,VEP
6640,21299,VEP
6640,21300,VEP
6640,21301,VEP
6640,21302,VEP
6640,21303,VEP
6640,21304,VEP
6640,7810,VEP
6640,21305,VEP
6640,21306,VEP
6640,21307,VEP
6640,21308,VEP
6640,21311,VEP
6640,21312,VEP
6640,21782,VEP
6640,21783,VEP
6640,21784,VEP
6640,21785,VEP
22030,22031,VEP
12015,22031,VEP
7032,22032,VEP
7744,22183,VEP
2303,22184,VEP
1404,22185,VEP
5253,22186,VEP
4659,22187,VEP
12836,22188,VEP
1871,22189,VEP
6887,22190,VEP
24,22191,VEP
354,22192,VEP
6622,22227,VEP
7443,22275,VEP
6588,20080,VEP
7771,20080,VEP
6640,7912,VEP
6640,22353,VEP
6640,22354,VEP
6640,17298,VEP
22071,22366,VEP
10212,22367,VEP
10425,22368,VEP
22369,22370,VEP
6640,22398,VEP
12841,22408,VEP
8242,22470,VEP
13510,22482,VEP
7641,22482,VEP
6640,22501,VEP
17342,19861,VEP
12987,22542,VEP
6707,8413,VEP
6707,19954,VEP
6765,22587,VEP
7302,7303,VEP
6748,22642,VEP
6640,22674,VEP
7645,10948,VEP
13856,20271,VEP
10398,20271,VEP
8983,22691,VEP
6810,22691,VEP
7181,22548,VEP
6810,22782,VEP
9984,22783,VEP
13593,22783,VEP
9984,22784,VEP
13593,22784,VEP
590,11182,VEP
15108,22844,VEP
22845,22846,VEP
13131,22847,VEP
12837,22848,VEP
22849,22850,VEP
15742,22851,VEP
22943,22944,VEP
13128,22945,VEP
7053,22946,VEP
16928,22946,VEP
8120,22946,VEP
6989,22946,VEP
1514,22946,VEP
16743,22946,VEP
6696,22946,VEP
16929,22946,VEP
16931,22946,VEP
6987,22946,VEP
16935,22946,VEP
16937,22946,VEP
10181,22946,VEP
8433,22946,VEP
6977,22947,VEP
13785,22977,VEP
8423,22978,VEP
11214,22979,VEP
12794,22980,VEP
13269,22981,VEP
22982,22983,VEP
10361,22984,VEP
519,22985,VEP
6698,22986,VEP
7564,22987,VEP
22988,22989,VEP
6607,22991,VEP
12560,22990,VEP
9704,22992,VEP
2999,22993,VEP
7443,22994,VEP
1466,22995,VEP
6640,11767,VEP
6640,22999,VEP
6640,23000,VEP
6640,23001,VEP
6640,23002,VEP
6640,23003,VEP
6640,23004,VEP
6640,23005,VEP
6640,22027,VEP
6640,23006,VEP
6640,23007,VEP
6640,23008,VEP
6640,10528,VEP
6640,15498,VEP
6640,10477,VEP
6640,23009,VEP
6640,23010,VEP
6640,17466,VEP
6640,23011,VEP
6640,23012,VEP
6640,23013,VEP
6640,23014,VEP
6640,23015,VEP
6640,15483,VEP
6640,23016,VEP
6640,23017,VEP
6640,23018,VEP
6640,23019,VEP
6640,23020,VEP
6640,23021,VEP
6640,23022,VEP
6640,15360,VEP
6590,23067,VEP
6640,23324,VEP
6640,23325,VEP
6640,23326,VEP
6640,23327,VEP
6640,23328,VEP
6640,23329,VEP
6640,23330,VEP
6640,15438,VEP
6640,19553,VEP
6640,13224,VEP
6640,19223,VEP
6640,6647,VEP
6640,23331,VEP
6640,23332,VEP
6640,23333,VEP
6640,15826,VEP
6640,23334,VEP
6640,23335,VEP
6640,23336,VEP
6640,18078,VEP
6640,23337,VEP
6640,23338,VEP
6640,23339,VEP
6640,23340,VEP
6640,6675,VEP
6640,23341,VEP
6640,17524,VEP
6640,19480,VEP
6640,23342,VEP
6640,15367,VEP
6640,23343,VEP
6640,23344,VEP
6640,23345,VEP
6640,23346,VEP
6640,23347,VEP
6640,23348,VEP
6640,21716,VEP
6640,23349,VEP
6640,12982,VEP
6640,23353,VEP
6640,23354,VEP
6640,23356,VEP
23361,23354,VEP
23362,23354,VEP
7309,23356,VEP
7316,23356,VEP
6763,12982,VEP
6640,23492,VEP
6640,23493,VEP
6640,23494,VEP
6640,6956,VEP
6640,23623,VEP
6640,23624,VEP
6640,23625,VEP
8364,17673,VEP
14811,24200,VEP
16127,6581,VEP
6580,6581,VEP
6925,16115,VEP
7200,12255,VEP
11297,24201,VEP
16127,11333,VEP
6580,11333,VEP
7100,12472,VEP
6566,16129,VEP
6676,8997,VEP
405,24205,VEP
6672,24223,VEP
24224,23798,VEP
6871,24253,VEP
7123,16113,VEP
6737,16112,VEP
6902,13381,VEP
7635,13381,VEP
6902,16112,VEP
7635,16112,VEP
6902,16146,VEP
7635,16146,VEP
7093,16145,VEP
13881,24286,VEP
7645,13407,VEP
7045,13357,VEP
7469,13357,VEP
9429,13357,VEP
7631,13357,VEP
6706,13357,VEP
6672,13357,VEP
7662,13357,VEP
10157,13357,VEP
6895,13357,VEP
672,13357,VEP
7665,13357,VEP
6896,13357,VEP
7394,13357,VEP
10158,13357,VEP
10160,13357,VEP
6970,13357,VEP
10163,13357,VEP
10164,13357,VEP
10168,13357,VEP
24322,13357,VEP
10167,13357,VEP
10166,13357,VEP
3748,13357,VEP
10174,13357,VEP
6899,13357,VEP
10161,13357,VEP
8118,13357,VEP
4709,13357,VEP
10256,13357,VEP
10252,13357,VEP
10249,13357,VEP
24323,13357,VEP
7674,13357,VEP
13164,13357,VEP
11092,13357,VEP
10234,13357,VEP
10106,13357,VEP
1044,13357,VEP
10240,13357,VEP
6795,13357,VEP
6748,13357,VEP
6692,13357,VEP
7116,13357,VEP
6869,13357,VEP
7281,13357,VEP
7123,13357,VEP
4633,13357,VEP
6772,13357,VEP
6867,13357,VEP
8250,13357,VEP
9942,13357,VEP
6893,13357,VEP
9308,13357,VEP
9986,13357,VEP
10156,13357,VEP
6864,13357,VEP
21603,13357,VEP
10155,13357,VEP
15662,13357,VEP
10159,13357,VEP
10165,13357,VEP
9927,13357,VEP
9049,13357,VEP
9098,13357,VEP
10162,13357,VEP
1244,13357,VEP
6916,13357,VEP
7369,13357,VEP
6900,13357,VEP
10253,13357,VEP
10254,13357,VEP
10245,13357,VEP
10246,13357,VEP
6901,13357,VEP
9675,13357,VEP
11130,13357,VEP
10241,13357,VEP
10233,13357,VEP
10100,13357,VEP
6902,13357,VEP
7635,13357,VEP
6984,13357,VEP
6745,13357,VEP
6747,13357,VEP
6866,13357,VEP
10172,13357,VEP
39,13357,VEP
6737,13357,VEP
7645,11509,VEP
1321,9914,VEP
10316,14251,VEP
18779,14251,VEP
12847,24358,VEP
7191,24358,VEP
3616,24359,VEP
7078,24359,VEP
7444,24359,VEP
7446,24359,VEP
6640,24383,VEP
6640,24393,VEP
6640,17420,VEP
6640,24394,VEP
6640,24395,VEP
6640,24396,VEP
6640,24397,VEP
6640,24398,VEP
6640,8419,VEP
6640,24399,VEP
6640,24400,VEP
6640,24401,VEP
6640,24402,VEP
6640,24403,VEP
6640,24404,VEP
9354,24405,VEP
6586,24405,VEP
6640,24406,VEP
6640,24407,VEP
6640,24408,VEP
6640,24409,VEP
6640,24410,VEP
6640,24411,VEP
6640,24412,VEP
6640,13250,VEP
6640,24443,VEP
6640,24444,VEP
6640,24445,VEP
6640,24446,VEP
9354,24447,VEP
6622,24453,VEP
6748,24464,VEP
10673,10674,VEP
7645,12669,VEP
14141,13362,VEP
6713,13362,VEP
9689,13362,VEP
10935,13362,VEP
1378,13362,VEP
9747,12361,VEP
8891,12361,VEP
4085,24060,VEP
8894,24522,VEP
8894,24523,VEP
488,24588,VEP
6676,24540,VEP
6674,24540,VEP
12234,24540,VEP
20514,24540,VEP
18843,24540,VEP
6570,24541,VEP
7051,24541,VEP
8916,24541,VEP
7764,24541,VEP
6740,11213,VEP
24589,11213,VEP
10086,11213,VEP
9706,11213,VEP
12478,11213,VEP
992,11213,VEP
9984,11213,VEP
13593,11213,VEP
14237,11213,VEP
24590,11213,VEP
24591,11213,VEP
4085,11213,VEP
18739,12500,VEP
24544,12500,VEP
20028,12500,VEP
6961,12500,VEP
7248,12500,VEP
6640,6738,VEP
12756,6639,VEP
18547,6639,VEP
19692,6639,VEP
24529,6639,VEP
10423,6639,VEP
24530,6639,VEP
24531,6639,VEP
8180,6639,VEP
24532,6639,VEP
24533,6639,VEP
7008,6639,VEP
24534,6639,VEP
24535,6639,VEP
8106,6639,VEP
13939,6639,VEP
21869,6639,VEP
22110,6639,VEP
24536,6639,VEP
24537,6639,VEP
2468,6639,VEP
24538,6639,VEP
10406,6639,VEP
17152,6639,VEP
1648,6639,VEP
24542,6639,VEP
7193,18726,VEP
6640,24761,VEP
6640,24762,VEP
154,24778,VEP
12581,11634,VEP
6676,7298,VEP
6737,6738,VEP
6588,6634,VEP
1222,6611,VEP
6602,6603,VEP
20177,6685,VEP
3616,6595,VEP
6635,6636,VEP
7645,7559,VEP
8327,24827,VEP
7481,24827,VEP
7478,24827,VEP
15444,24827,VEP
7479,24827,VEP
15445,24827,VEP
9068,24827,VEP
7790,24827,VEP
7485,24827,VEP
7484,24827,VEP
10790,24827,VEP
15446,24827,VEP
6596,24827,VEP
1222,24827,VEP
10102,24827,VEP
13713,24827,VEP
7486,24827,VEP
12281,24827,VEP
7476,24827,VEP
6827,24548,VEP
14073,24548,VEP
24549,24548,VEP
11047,24548,VEP
10988,24548,VEP
6686,24548,VEP
12327,24548,VEP
590,24548,VEP
593,24548,VEP
24550,24548,VEP
14108,24880,VEP
7270,8141,VEP
7204,8141,VEP
7883,11614,VEP
7392,11614,VEP
10341,11614,VEP
13194,11614,VEP
24893,13367,VEP
6990,13367,VEP
6992,13367,VEP
6776,13367,VEP
7645,13051,VEP
6953,24894,VEP
6676,11187,VEP
6950,7806,VEP
12756,17179,VEP
8180,8181,VEP
6676,7156,VEP
7157,7158,VEP
1798,24974,VEP
6590,7767,VEP
7507,7767,VEP
24545,7767,VEP
24546,7767,VEP
6578,7767,VEP
24547,7767,VEP
10061,7767,VEP
17184,24991,VEP
7276,24992,VEP
7784,24993,VEP
6598,25055,VEP
1423,25061,VEP
12428,25062,VEP
6745,25103,VEP
6747,25103,VEP
6590,25169,VEP
7429,25173,VEP
6686,13876,VEP
7216,25174,VEP
7444,16062,VEP
7446,16062,VEP
4953,13769,VEP
7036,25227,VEP
6590,6877,VEP
6590,14543,VEP
6590,7467,VEP
6640,25228,VEP
6672,25237,VEP
15323,25246,VEP
6871,25247,VEP
25248,25249,VEP
6640,25264,VEP
6640,25269,VEP
7032,25289,VEP
6640,25290,VEP
6640,25291,VEP
6776,7532,VEP
7414,25355,VEP
7414,25356,VEP
6622,25357,VEP
6574,21160,VEP
6845,25382,VEP
8880,25392,VEP
6640,25394,VEP
6640,25395,VEP
6640,25400,VEP
6640,25401,VEP
6640,25402,VEP
6640,25403,VEP
6640,25404,VEP
6640,25405,VEP
6640,25406,VEP
6765,24988,VEP
16435,24735,VEP
9429,25446,VEP
10254,25447,VEP
7994,25448,VEP
6640,25512,VEP
6640,25513,VEP
7053,25516,VEP
8120,25517,VEP
1514,25518,VEP
6989,25519,VEP
12426,25520,VEP
7051,25521,VEP
8916,25521,VEP
511,25522,VEP
12390,25522,VEP
25523,25524,VEP
7923,25524,VEP
8173,25527,VEP
6823,7533,VEP
1226,13367,VEP
6640,17146,VEP
6640,25577,VEP
6640,13524,VEP
6640,23813,VEP
17184,25588,VEP
6640,25589,VEP
11978,25590,VEP
6640,25591,VEP
10726,25592,VEP
6640,25593,VEP
6640,25594,VEP
6640,25595,VEP
7771,25596,VEP
6640,25597,VEP
6848,25598,VEP
7646,25599,VEP
6640,25600,VEP
6640,25601,VEP
6640,25602,VEP
17013,25603,VEP
13347,25604,VEP
6640,25605,VEP
6640,25606,VEP
6640,25607,VEP
6640,25608,VEP
6640,25609,VEP
4467,25610,VEP
7802,25617,VEP
6640,25618,VEP
7199,13058,VEP
10050,25647,VEP
6640,25650,VEP
7461,25651,VEP
6640,25652,VEP
12602,25653,VEP
3051,25654,VEP
6763,25655,VEP
6640,25656,VEP
6640,25657,VEP
6640,25658,VEP
6640,25659,VEP
6640,25702,VEP
8424,25703,VEP
6640,25704,VEP
6640,25705,VEP
6640,25706,VEP
10050,25707,VEP
19415,25708,VEP
11166,25709,VEP
6640,25710,VEP
6640,25711,VEP
19722,25712,VEP
6640,25713,VEP
6640,25715,VEP
1377,25716,VEP
2303,25717,VEP
6640,25718,VEP
6640,25719,VEP
6640,25720,VEP
6640,25721,VEP
6848,25722,VEP
13161,25723,VEP
6640,25724,VEP
6640,25725,VEP
6742,25726,VEP
10745,25727,VEP
7032,25728,VEP
6640,25729,VEP
25541,25730,VEP
25731,25732,VEP
8184,25740,VEP
6622,14251,VEP
7157,25770,VEP
6590,8170,VEP
25773,25774,VEP
8106,25774,VEP
6747,25789,VEP
6745,25789,VEP
6590,11984,VEP
7157,25793,VEP
25794,25795,VEP
9963,25795,VEP
25773,11094,VEP
8106,11094,VEP
6590,9726,VEP
25796,25797,VEP
6676,25797,VEP
8861,8860,VEP
25794,25798,VEP
6676,25798,VEP
14071,22522,VEP
6640,25799,VEP
7032,25802,VEP
7055,25803,VEP
25804,17060,VEP
1705,17060,VEP
25251,25805,VEP
9963,25805,VEP
6640,25807,VEP
10173,25790,VEP
6772,10338,VEP
6867,10338,VEP
25794,25818,VEP
6676,25818,VEP
25796,25820,VEP
6676,25820,VEP
25794,7156,VEP
9963,7156,VEP
25821,25822,VEP
1515,25822,VEP
25251,25823,VEP
9963,25823,VEP
8354,25824,VEP
7157,25825,VEP
4124,25232,VEP
6640,25828,VEP
6640,7569,VEP
6640,11517,VEP
6640,20271,VEP
6640,25829,VEP
6640,7301,VEP
6640,7581,VEP
6640,16904,VEP
6640,7170,VEP
9618,26107,VEP
6372,7840,VEP
6640,6746,VEP
6640,7460,VEP
6640,13454,VEP
6640,7462,VEP
6640,26266,VEP
6640,26267,VEP
6640,26268,VEP
6640,23454,VEP
6640,26269,VEP
6640,26270,VEP
6640,26271,VEP
6640,26272,VEP
6640,26273,VEP
6640,26274,VEP
6640,26275,VEP
6640,23289,VEP
6640,26276,VEP
6640,11088,VEP
6640,26277,VEP
6640,26278,VEP
6640,26279,VEP
6640,26280,VEP
6640,26281,VEP
14711,11257,VEP
6574,26412,VEP
6827,26413,VEP
4124,6664,VEP
13072,25508,VEP
6622,18129,VEP
26416,26417,VEP
114,26452,VEP
6908,26453,VEP
3893,23010,VEP
7641,26456,VEP
26493,26494,VEP
6607,6608,VEP
26503,24626,VEP
7157,17728,VEP
7421,26681,VEP
7802,26686,VEP
7872,10918,VEP
26684,10918,VEP
2414,11333,VEP
6580,13185,VEP
23389,13185,VEP
26687,13185,VEP
6184,26688,VEP
6594,26685,VEP
3616,26685,VEP
3616,26597,VEP
21059,26689,VEP
26690,26689,VEP
8109,26712,VEP
6640,26780,VEP
6640,26781,VEP
6640,26782,VEP
6640,26783,VEP
6640,26784,VEP
6640,26785,VEP
6640,26786,VEP
6640,26787,VEP
6640,26793,VEP
6640,26904,VEP
6640,26905,VEP
6640,26906,VEP
6698,26929,VEP
8356,26930,VEP
10050,26931,VEP
6686,26932,VEP
7120,26956,VEP
26957,26958,VEP
10843,26959,VEP
18756,26984,VEP
2414,23483,VEP
1156,26986,VEP
683,12529,VEP
9618,27049,VEP
8281,13872,VEP
354,13869,VEP
354,13871,VEP
7102,27166,VEP
19413,27167,VEP
27168,27167,VEP
24268,27266,VEP
7362,27266,VEP
27319,27320,VEP
27321,27322,VEP
27321,27323,VEP
6696,27323,VEP
6987,27324,VEP
25411,27324,VEP
6987,27325,VEP
25411,27325,VEP
6602,27267,VEP
7365,27326,VEP
6576,27326,VEP
2857,27327,VEP
6640,27344,VEP
6640,27345,VEP
6640,20898,VEP
6640,27349,VEP
6640,20903,VEP
6640,27356,VEP
6640,27357,VEP
6640,27358,VEP
6640,27359,VEP
6640,27360,VEP
6640,27405,VEP
6640,27406,VEP
6640,27407,VEP
6640,27408,VEP
6640,27446,VEP
6640,27447,VEP
6640,27448,VEP
6640,27449,VEP
6640,27450,VEP
6640,27451,VEP
6640,27452,VEP
6640,27453,VEP
6640,14012,VEP
6640,27454,VEP
6640,27472,VEP
6640,27473,VEP
6640,27474,VEP
6640,27475,VEP
6640,27476,VEP
6640,27477,VEP
6640,27481,VEP
6640,27482,VEP
6640,27483,VEP
6640,13697,VEP
6640,27484,VEP
6640,27485,VEP
6640,27486,VEP
6640,27487,VEP
6640,27488,VEP
6640,27507,VEP
6640,27508,VEP
6640,27509,VEP
6640,27510,VEP
6640,27511,VEP
6640,27512,VEP
6640,27514,VEP
6640,27515,VEP
6640,27516,VEP
6640,27517,VEP
6640,27518,VEP
6640,27519,VEP
6640,27520,VEP
6640,27531,VEP
6640,27532,VEP
6640,27533,VEP
6640,27534,VEP
6640,27535,VEP
6640,27536,VEP
6640,27544,VEP
6640,27545,VEP
6640,27546,VEP
6640,27547,VEP
6640,27548,VEP
6640,27549,VEP
6640,27555,VEP
6640,27556,VEP
27557,27558,VEP
12973,27558,VEP
27557,27559,VEP
12973,27559,VEP
6640,27560,VEP
6640,27561,VEP
6640,27567,VEP
6640,27568,VEP
6640,27569,VEP
6640,27570,VEP
8195,13185,VEP
8106,26158,VEP
354,20120,VEP
12999,27631,VEP
7032,14564,VEP
11314,20983,VEP
7645,7569,VEP
7645,27699,VEP
8497,20221,VEP
9115,20221,VEP
154,7568,VEP
7579,10479,VEP
7210,10479,VEP
7300,27700,VEP
6640,22247,VEP
6640,21441,VEP
6640,17273,VEP
6640,22250,VEP
6640,27704,VEP
6640,18891,VEP
6640,27705,VEP
6640,27706,VEP
6640,22249,VEP
6640,9358,VEP
6640,8199,VEP
18950,22239,VEP
6640,17648,VEP
6640,11814,VEP
6640,22245,VEP
6640,22246,VEP
6640,22248,VEP
6640,10907,VEP
6640,10570,VEP
6862,27811,VEP
6673,27815,VEP
27816,27817,VEP
6672,27812,VEP
6772,27812,VEP
6745,27818,VEP
6672,20379,VEP
6772,20379,VEP
10754,27819,VEP
15160,27820,VEP
10754,27821,VEP
6767,27822,VEP
6672,27823,VEP
6672,27819,VEP
6640,27845,VEP
6640,27846,VEP
6640,27847,VEP
6640,27848,VEP
6640,16565,VEP
6640,27849,VEP
6640,27850,VEP
6640,27851,VEP
6640,27852,VEP
6640,27853,VEP
6640,27854,VEP
6640,23754,VEP
6640,27855,VEP
6640,27856,VEP
6640,27857,VEP
6640,27870,VEP
6640,27871,VEP
6640,27872,VEP
6640,27873,VEP
6640,27874,VEP
6640,27875,VEP
6640,27876,VEP
6640,27877,VEP
6640,27878,VEP
6640,27879,VEP
6640,27880,VEP
6640,27881,VEP
6640,27882,VEP
6744,27891,VEP
6622,27892,VEP
388,27904,VEP
6740,27904,VEP
388,21412,VEP
6740,21412,VEP
1798,27960,VEP
7216,27961,VEP
7764,27962,VEP
7444,27963,VEP
7216,27964,VEP
7764,27965,VEP
7444,27968,VEP
4953,27969,VEP
7444,27970,VEP
1798,27971,VEP
1798,27972,VEP
14239,27973,VEP
7055,27974,VEP
6622,27975,VEP
1423,27976,VEP
2857,27979,VEP
6845,27980,VEP
2857,27981,VEP
6640,28018,VEP
6640,28019,VEP
6640,26775,VEP
6640,28020,VEP
6640,28021,VEP
6640,28022,VEP
6640,28023,VEP
6640,28024,VEP
6640,28025,VEP
6640,28026,VEP
6640,28027,VEP
6640,28028,VEP
6640,28029,VEP
6640,28030,VEP
6640,28031,VEP
6640,28032,VEP
6640,28033,VEP
6640,19931,VEP
6640,28034,VEP
6640,28035,VEP
6640,28036,VEP
6640,28037,VEP
6640,28038,VEP
6640,28039,VEP
7008,20306,VEP
4953,20306,VEP
7008,28054,VEP
4953,28054,VEP
16055,28065,VEP
16055,28066,VEP
26242,28146,VEP
7032,28147,VEP
7631,28222,VEP
7083,28235,VEP
7084,28235,VEP
4927,28236,VEP
8203,28236,VEP
7570,28237,VEP
7573,28237,VEP
7574,28237,VEP
7575,28237,VEP
7577,28237,VEP
6684,28237,VEP
7578,28237,VEP
2418,28237,VEP
7579,28237,VEP
6586,9355,VEP
9304,9355,VEP
7092,28238,VEP
7083,28238,VEP
7085,28238,VEP
7082,28238,VEP
7093,28238,VEP
28239,28238,VEP
7084,28238,VEP
28337,28338,VEP
6640,28342,VEP
6640,28343,VEP
6640,28344,VEP
6640,28346,VEP
13207,9742,VEP
8931,28347,VEP
6640,7997,VEP
11314,9643,VEP
9039,28348,VEP
6640,28396,VEP
6640,28397,VEP
6640,28399,VEP
6640,28400,VEP
6640,28401,VEP
6640,28402,VEP
6640,28403,VEP
6640,28404,VEP
6640,28405,VEP
6640,28406,VEP
6640,28407,VEP
6640,28422,VEP
6640,28423,VEP
6640,28424,VEP
6640,28425,VEP
6640,28426,VEP
6640,28427,VEP
6640,28428,VEP
6640,28429,VEP
6640,28430,VEP
6640,28431,VEP
6640,28432,VEP
6640,28433,VEP
6640,28434,VEP
6640,28435,VEP
6640,28436,VEP
6640,28437,VEP
6640,28438,VEP
6640,28442,VEP
6640,28443,VEP
6640,28444,VEP
6640,28445,VEP
6640,28446,VEP
6640,28447,VEP
6640,28448,VEP
6640,28449,VEP
6640,28450,VEP
6640,28451,VEP
6640,28452,VEP
6640,28453,VEP
6640,28454,VEP
6640,28455,VEP
6640,28456,VEP
6640,28457,VEP
6640,28458,VEP
6640,28459,VEP
6640,28462,VEP
6640,28463,VEP
6640,7743,VEP
