Id,Name,Type,Property
450,rs79968656,SNP,5_128662484
451,rs1165196,SNP,6_25812922
452,rs73388827,SNP,22_28849950
453,rs174550,SNP,11_61804006
454,rs62181036,SNP,2_190496522
455,rs36092177,SNP,6_28390030
456,rs2883809,SNP,3_51217032
457,rs11649004,SNP,16_81568894
458,rs3850873,SNP,1_50597304
460,rs4944169,SNP,11_77607033
461,rs72934153,SNP,1_66533102
462,rs1957570,SNP,14_68262507
463,rs8063657,SNP,16_71858063
464,rs5872,SNP,6_31669957
465,rs1420613,SNP,4_119946389
466,rs7731469,SNP,5_57460181
467,rs832585,SNP,5_56830077
468,rs6472566,SNP,8_71088249
469,rs17467232,SNP,7_77626624
470,rs7957410,SNP,12_50884259
471,rs1771473,SNP,1_228228973
473,rs10420551,SNP,19_33483007
474,rs11951646,SNP,5_53457222
475,rs2547033,SNP,16_24732336
476,rs4844393,SNP,1_207821084
477,rs7137455,SNP,12_12511269
478,rs112468006,SNP,10_102853263
479,rs829813,SNP,6;6;6;6;6;6;6;6;6;6;6;6;6;6;6;6;6;6;6;6;6;6;6;6;6;6;6;6;6;6;6;6;6;6;6;6_109659593;109675940;109633858;109671681;109516989;109669784;109676326;109497253;109530435;109557312;109642414;109625358;109633315;109641923;109586733;109686055;109558038;109605775;109643966;109501793;109606805;109607231;109624544;109672515;109506513;109636120;109531713;109607743;109661402;109556556;109588855;109644271;109666039;109532243;109627633;109673107
480,rs1049213,SNP,6_32659996
481,rs12337802,SNP,9_35789723
482,rs57707706,SNP,1_41276483
483,rs310751,SNP,3_12232121
484,rs35511915,SNP,11_55029641
485,rs11227247,SNP,11_65655382
486,rs73238161,SNP,3_142363139
487,rs2639997,SNP,3_141611468
488,rs3925064,SNP,12_23940830
489,rs8051407,SNP,16_75414761
490,rs9899078,SNP,17_47086690
491,rs2334871,SNP,12_2891356
492,rs7302508,SNP,12_20466156
493,rs12453374,SNP,17_48917484
494,rs16859177,SNP,2_171150066
495,rs10879084,SNP,12_70063700
496,rs210633,SNP,6_117559536
497,rs2384001,SNP,12_112529119
498,rs3843366,SNP,3_112689554
499,rs172329,SNP,6_28821489
500,rs3856104,SNP,1_182084729
501,rs4806499,SNP,19_54207164
502,rs17572485,SNP,2_218431822
503,rs10494752,SNP,1_197247089
504,rs6800955,SNP,3_23097688
505,rs13203519,SNP,6_55537917
506,rs9688730,SNP,6_33957119
507,rs7818263,SNP,8_76743186
509,rs669538,SNP,1_32245759
510,rs9548710,SNP,13_31691982
511,rs9389694,SNP,6_139546670
512,rs17790807,SNP,8_119409926
513,rs12758407,SNP,1_42041342
514,rs2280018,SNP,16_15056976
515,rs2239565,SNP,21_33916254
516,rs17707070,SNP,17_4981037
517,rs10761771,SNP,10_63470404
518,rs10516096,SNP,5_173194421
519,rs17688056,SNP,17_45685875
520,rs7591849,SNP,2_159256370
521,rs6937624,SNP,6_150663036
523,rs163780,SNP,20_58986470
524,rs10483776,SNP,14_65448149
525,rs9517553,SNP,13_99024917
526,rs9894244,SNP,17_75841876
528,rs6779671,SNP,3_160664792
529,rs9556698,SNP,13_97316140
530,rs2903692,SNP,16_11144926
531,rs749621,SNP,6_109441397
532,rs1443844,SNP,6_160153770
533,rs1421085,SNP,16_53767042
534,rs11496125,SNP,7_103777110
535,rs7602964,SNP,2_41313826
536,rs1925143,SNP,6_56216373
537,rs12965679,SNP,18_49044540
538,rs9328401,SNP,6_7225441
539,rs7099761,SNP,10_92576042
540,rs11153058,SNP,6_96564870
541,rs2070603,SNP,17_44777880
542,rs2126394,SNP,6_97370696
543,rs113303124,SNP,8_9844147
544,rs4917994,SNP,10_103051942
545,rs2006787,SNP,17_15286504
546,rs1318597,SNP,2_96797358
547,rs9352669,SNP,6_78874424
548,rs277143,SNP,13_31558430
549,rs6545817,SNP,2_60488044
584,rs62022813,SNP,16_11538948
588,rs3129889,SNP,6_32445768
590,rs3094575,SNP,6_29548025
595,rs12196740,SNP,6_31353630
598,rs9465741,SNP,6_20428201
604,rs55987383,SNP,6_142017766
606,rs2865531,SNP,16_75356418
607,rs55808472,SNP,16_24920370
608,rs4783689,SNP,16_68819768
611,rs9379820,SNP,6_26049696
